/*
 Navicat MySQL Data Transfer

 Source Server         : mysql8
 Source Server Type    : MySQL
 Source Server Version : 80011
 Source Host           : localhost:3336
 Source Schema         : p2p_bank_depository

 Target Server Type    : MySQL
 Target Server Version : 80011
 File Encoding         : 65001

 Date: 16/07/2022 11:34:04
*/

SET NAMES utf8mb4;
SET FOREIGN_KEY_CHECKS = 0;

-- ----------------------------
-- Table structure for balance_details
-- ----------------------------
DROP TABLE IF EXISTS `balance_details`;
CREATE TABLE `balance_details`  (
  `ID` bigint(20) NOT NULL AUTO_INCREMENT COMMENT '主键',
  `USER_NO` varchar(50) CHARACTER SET utf8 COLLATE utf8_general_ci NULL DEFAULT NULL COMMENT '用户编码,生成唯一,用户在存管系统标识',
  `CHANGE_TYPE` tinyint(4) NULL DEFAULT NULL COMMENT '账户变动类型.1.增加.2.减少.3.冻结.4解冻',
  `AMOUNT` decimal(10, 2) NULL DEFAULT NULL COMMENT '变动金额',
  `FREEZE_AMOUNT` decimal(10, 2) NULL DEFAULT NULL COMMENT '冻结金额',
  `BALANCE` decimal(10, 2) NULL DEFAULT NULL COMMENT '可用余额',
  `APP_CODE` varchar(50) CHARACTER SET utf8 COLLATE utf8_general_ci NULL DEFAULT NULL COMMENT '应用编码',
  `CREATE_DATE` datetime NULL DEFAULT NULL COMMENT '账户变动时间',
  `REQUEST_CONTENT` text CHARACTER SET utf8 COLLATE utf8_general_ci NULL COMMENT '引起余额变动的冗余业务信息',
  PRIMARY KEY (`ID`) USING BTREE
) ENGINE = InnoDB AUTO_INCREMENT = 94 CHARACTER SET = utf8 COLLATE = utf8_general_ci COMMENT = '用户余额明细表' ROW_FORMAT = Dynamic;

-- ----------------------------
-- Records of balance_details
-- ----------------------------
INSERT INTO `balance_details` VALUES (1, 'USR_D53484354B2E405FA57B1F532934D011', 0, 0.00, 0.00, 0.00, 'wanxinp2p', '2022-06-16 00:44:13', '{\"appCode\":\"wanxinp2p\",\"authList\":\"\",\"bankCode\":\"CITIC\",\"bankName\":\"中信银行\",\"callbackUrl\":\"http://192.168.31.106:8081/#/pages/common/success?st=1\",\"cardNumber\":\"6226908456025476\",\"fullname\":\"慕容筷\",\"idNumber\":\"811054199404066455\",\"mobile\":\"18278539575\",\"password\":\"888888\",\"requestNo\":\"REQ_6773B90618DE450A97CC67B50BC72E3E\",\"role\":\"B\",\"userNo\":\"USR_D53484354B2E405FA57B1F532934D011\"}');
INSERT INTO `balance_details` VALUES (4, 'USR_DE7A36C53CDA43CE9CD9CFCF47F4CBC5', 0, 3000.00, 0.00, 50000.00, 'wanxinp2p', '2022-06-17 23:15:37', '{\"appCode\":\"wanxinp2p\",\"authList\":\"\",\"bankCode\":\"HXB\",\"bankName\":\"华夏银行\",\"callbackUrl\":\"http://192.168.31.106:8081/#/pages/common/success?st=1\",\"cardNumber\":\"6226374064116779\",\"fullname\":\"魏悼\",\"idNumber\":\"366345198810313088\",\"mobile\":\"18278539575\",\"password\":\"888888\",\"requestNo\":\"REQ_8258BA650BBF4362B6541A7717BFF8B7\",\"role\":\"B\",\"userNo\":\"USR_DE7A36C53CDA43CE9CD9CFCF47F4CBC5\"}');
INSERT INTO `balance_details` VALUES (5, 'USR_B332B47F3DB24D60950BB2240146A4C1', 0, 0.00, 0.00, 0.00, 'wanxinp2p', '2022-06-17 23:32:23', '{\"appCode\":\"wanxinp2p\",\"authList\":\"\",\"bankCode\":\"BOC\",\"bankName\":\"中国银行\",\"callbackUrl\":\"http://192.168.31.106:8081/#/pages/common/success?st=1\",\"cardNumber\":\"6227522042261302\",\"fullname\":\"沈苫疽\",\"idNumber\":\"463770198207206703\",\"mobile\":\"18278539577\",\"password\":\"888888\",\"requestNo\":\"REQ_DE5B158DC59D4AF689E0FC96FBE8FAA1\",\"role\":\"B\",\"userNo\":\"USR_B332B47F3DB24D60950BB2240146A4C1\"}');
INSERT INTO `balance_details` VALUES (6, 'USR_3179F0CC9E0E4E2A9CC433DAB29A7430', 0, 0.00, 0.00, 0.00, 'wanxinp2p', '2022-06-17 23:42:57', '{\"appCode\":\"wanxinp2p\",\"authList\":\"\",\"bankCode\":\"BCOM\",\"bankName\":\"交通银行\",\"callbackUrl\":\"http://192.168.31.106:8081/#/pages/common/success?st=1\",\"cardNumber\":\"6222601882590510\",\"fullname\":\"何箱砍\",\"idNumber\":\"912147197906289971\",\"mobile\":\"18278539578\",\"password\":\"888888\",\"requestNo\":\"REQ_B30EE96C20D246F098A731CC6F0B42B6\",\"role\":\"B\",\"userNo\":\"USR_3179F0CC9E0E4E2A9CC433DAB29A7430\"}');
INSERT INTO `balance_details` VALUES (7, 'USR_C3A439866A754E34A93E6014BFD9B2B7', 0, 0.00, 0.00, 0.00, 'wanxinp2p', '2022-06-18 00:57:52', '{\"appCode\":\"wanxinp2p\",\"authList\":\"\",\"bankCode\":\"PAB\",\"bankName\":\"平安银行\",\"callbackUrl\":\"http://192.168.31.106:8081/#/pages/common/success?st=1\",\"cardNumber\":\"6221550724496322\",\"fullname\":\"陆丑\",\"idNumber\":\"315875199601152484\",\"mobile\":\"18278539579\",\"password\":\"888888\",\"requestNo\":\"REQ_AF266FA7EC634C29BB2E74C79F5EE1C7\",\"role\":\"B\",\"userNo\":\"USR_C3A439866A754E34A93E6014BFD9B2B7\"}');
INSERT INTO `balance_details` VALUES (9, 'USR_DE7A36C53CDA43CE9CD9CFCF47F4CBC5', 3, 8000.00, 8000.00, 42000.00, 'wanxinp2p', '2022-06-27 23:21:06', '{\"amount\":8000,\"appCode\":\"wanxinp2p\",\"bizType\":\"TENDER\",\"projectNo\":\"PRO_C07FB88D234D42AA9361AE42CDB53B6A\",\"requestNo\":\"REQ_87615C8072E84EC39CE0CE8A56D188B5\",\"userNo\":\"USR_DE7A36C53CDA43CE9CD9CFCF47F4CBC5\"}');
INSERT INTO `balance_details` VALUES (10, 'USR_DE7A36C53CDA43CE9CD9CFCF47F4CBC5', 3, 10000.00, 18000.00, 32000.00, 'wanxinp2p', '2022-06-27 23:32:51', '{\"amount\":10000,\"appCode\":\"wanxinp2p\",\"bizType\":\"TENDER\",\"projectNo\":\"PRO_C07FB88D234D42AA9361AE42CDB53B6A\",\"requestNo\":\"REQ_062BD24724BA43E7B2EDE7E7ADA98195\",\"userNo\":\"USR_DE7A36C53CDA43CE9CD9CFCF47F4CBC5\"}');
INSERT INTO `balance_details` VALUES (11, 'USR_DE7A36C53CDA43CE9CD9CFCF47F4CBC5', 3, 2000.00, 20000.00, 30000.00, 'wanxinp2p', '2022-06-28 14:13:53', '{\"amount\":2000,\"appCode\":\"wanxinp2p\",\"bizType\":\"TENDER\",\"projectNo\":\"PRO_C07FB88D234D42AA9361AE42CDB53B6A\",\"requestNo\":\"REQ_25F392D8E19F46809D316BB0100262A2\",\"userNo\":\"USR_DE7A36C53CDA43CE9CD9CFCF47F4CBC5\"}');
INSERT INTO `balance_details` VALUES (25, 'USR_15269A25592F475A99D2A6379899165E', 0, 0.00, 0.00, 30000.00, 'wanxinp2p', '2022-06-28 15:11:03', '{\"appCode\":\"wanxinp2p\",\"authList\":\"\",\"bankCode\":\"CCB\",\"bankName\":\"中国建设银行\",\"callbackUrl\":\"http://172.20.10.7:8081/#/pages/common/success?st=1\",\"cardNumber\":\"6222807701917624\",\"fullname\":\"施猴\",\"idNumber\":\"340193199803233763\",\"mobile\":\"18278539574\",\"password\":\"888888\",\"requestNo\":\"REQ_C09DBACE9E264E9BBEA354C40144D7D5\",\"role\":\"B\",\"userNo\":\"USR_15269A25592F475A99D2A6379899165E\"}');
INSERT INTO `balance_details` VALUES (30, 'USR_14D9D9D84128483F8FF0C9D0F7A1616B', 0, 0.00, 0.00, 50000.00, 'wanxinp2p', '2022-06-28 15:32:05', '{\"appCode\":\"wanxinp2p\",\"authList\":\"\",\"bankCode\":\"ICBC\",\"bankName\":\"中国工商银行\",\"callbackUrl\":\"http://172.20.10.7:8081/#/pages/common/success?st=1\",\"cardNumber\":\"6222109481381299\",\"fullname\":\"宇文伟噎\",\"idNumber\":\"441625199710148725\",\"mobile\":\"15278538571\",\"password\":\"888888\",\"requestNo\":\"REQ_576F7D59CCE9491BA63697F5379D3A8E\",\"role\":\"B\",\"userNo\":\"USR_14D9D9D84128483F8FF0C9D0F7A1616B\"}');
INSERT INTO `balance_details` VALUES (31, 'USR_7D14883543C444D89A8D37B932A9EBF7', 0, 0.00, 0.00, 50000.00, 'wanxinp2p', '2022-06-28 15:44:36', '{\"appCode\":\"wanxinp2p\",\"authList\":\"\",\"bankCode\":\"BOC\",\"bankName\":\"中国银行\",\"callbackUrl\":\"http://172.20.10.7:8081/#/pages/common/success?st=1\",\"cardNumber\":\"6227529891138879\",\"fullname\":\"欧阳货\",\"idNumber\":\"617929198809167402\",\"mobile\":\"15278538572\",\"password\":\"888888\",\"requestNo\":\"REQ_B14AA15CA1704B7382B46982E3B28E6E\",\"role\":\"B\",\"userNo\":\"USR_7D14883543C444D89A8D37B932A9EBF7\"}');
INSERT INTO `balance_details` VALUES (32, 'USR_7D14883543C444D89A8D37B932A9EBF7', 3, 2000.00, 2000.00, 48000.00, 'wanxinp2p', '2022-06-28 16:17:47', '{\"amount\":2000,\"appCode\":\"wanxinp2p\",\"bizType\":\"TENDER\",\"projectNo\":\"PRO_F7E6A8EE636D473EAF0B514C60CFFEAE\",\"requestNo\":\"REQ_5E101AB965894AF1A9AF02D65F02E3AF\",\"userNo\":\"USR_7D14883543C444D89A8D37B932A9EBF7\"}');
INSERT INTO `balance_details` VALUES (33, 'USR_26A5085DDB5C42A680ABD8645C1DF9DC', 0, 0.00, 0.00, 50000.00, 'wanxinp2p', '2022-06-28 16:21:03', '{\"appCode\":\"wanxinp2p\",\"authList\":\"\",\"bankCode\":\"CMBC\",\"bankName\":\"中国民生银行\",\"callbackUrl\":\"http://172.20.10.7:8081/#/pages/common/success?st=1\",\"cardNumber\":\"6226009771866718\",\"fullname\":\"蔡禹\",\"idNumber\":\"134589197607074649\",\"mobile\":\"15278538573\",\"password\":\"888888\",\"requestNo\":\"REQ_4D4F8427236544F0ADD477CF71839CAC\",\"role\":\"B\",\"userNo\":\"USR_26A5085DDB5C42A680ABD8645C1DF9DC\"}');
INSERT INTO `balance_details` VALUES (34, 'USR_26A5085DDB5C42A680ABD8645C1DF9DC', 3, 3000.00, 3000.00, 47000.00, 'wanxinp2p', '2022-06-28 16:22:34', '{\"amount\":3000,\"appCode\":\"wanxinp2p\",\"bizType\":\"TENDER\",\"projectNo\":\"PRO_F7E6A8EE636D473EAF0B514C60CFFEAE\",\"requestNo\":\"REQ_5D8801486832453D8026E43B035F8955\",\"userNo\":\"USR_26A5085DDB5C42A680ABD8645C1DF9DC\"}');
INSERT INTO `balance_details` VALUES (35, 'USR_26A5085DDB5C42A680ABD8645C1DF9DC', 2, 3000.00, 0.00, 47000.00, NULL, '2022-06-28 16:24:57', '{\"commission\":0,\"details\":[{\"amount\":3000,\"preRequestNo\":\"REQ_5D8801486832453D8026E43B035F8955\"},{\"amount\":2000,\"preRequestNo\":\"REQ_5E101AB965894AF1A9AF02D65F02E3AF\"}],\"id\":1541687203548102658,\"projectNo\":\"PRO_F7E6A8EE636D473EAF0B514C60CFFEAE\",\"requestNo\":\"REQ_C589DB6C03AD4A8E97AB97188DB32FA1\"}');
INSERT INTO `balance_details` VALUES (36, 'USR_14D9D9D84128483F8FF0C9D0F7A1616B', 1, 3000.00, 0.00, 53000.00, NULL, '2022-06-28 16:24:57', '{\"commission\":0,\"details\":[{\"amount\":3000,\"preRequestNo\":\"REQ_5D8801486832453D8026E43B035F8955\"},{\"amount\":2000,\"preRequestNo\":\"REQ_5E101AB965894AF1A9AF02D65F02E3AF\"}],\"id\":1541687203548102658,\"projectNo\":\"PRO_F7E6A8EE636D473EAF0B514C60CFFEAE\",\"requestNo\":\"REQ_C589DB6C03AD4A8E97AB97188DB32FA1\"}');
INSERT INTO `balance_details` VALUES (37, 'USR_7D14883543C444D89A8D37B932A9EBF7', 2, 2000.00, 0.00, 48000.00, NULL, '2022-06-28 16:24:57', '{\"commission\":0,\"details\":[{\"amount\":3000,\"preRequestNo\":\"REQ_5D8801486832453D8026E43B035F8955\"},{\"amount\":2000,\"preRequestNo\":\"REQ_5E101AB965894AF1A9AF02D65F02E3AF\"}],\"id\":1541687203548102658,\"projectNo\":\"PRO_F7E6A8EE636D473EAF0B514C60CFFEAE\",\"requestNo\":\"REQ_C589DB6C03AD4A8E97AB97188DB32FA1\"}');
INSERT INTO `balance_details` VALUES (38, 'USR_14D9D9D84128483F8FF0C9D0F7A1616B', 1, 2000.00, 0.00, 55000.00, NULL, '2022-06-28 16:24:57', '{\"commission\":0,\"details\":[{\"amount\":3000,\"preRequestNo\":\"REQ_5D8801486832453D8026E43B035F8955\"},{\"amount\":2000,\"preRequestNo\":\"REQ_5E101AB965894AF1A9AF02D65F02E3AF\"}],\"id\":1541687203548102658,\"projectNo\":\"PRO_F7E6A8EE636D473EAF0B514C60CFFEAE\",\"requestNo\":\"REQ_C589DB6C03AD4A8E97AB97188DB32FA1\"}');
INSERT INTO `balance_details` VALUES (39, 'USR_7D14883543C444D89A8D37B932A9EBF7', 3, 4000.00, 4000.00, 44000.00, 'wanxinp2p', '2022-06-29 11:51:55', '{\"amount\":4000,\"appCode\":\"wanxinp2p\",\"bizType\":\"TENDER\",\"projectNo\":\"PRO_BE0F6E73FF5E43CA8E0D4694B3433BB8\",\"requestNo\":\"REQ_13A90C1A765E473FBEDF85B8502BB2FF\",\"userNo\":\"USR_7D14883543C444D89A8D37B932A9EBF7\"}');
INSERT INTO `balance_details` VALUES (40, 'USR_26A5085DDB5C42A680ABD8645C1DF9DC', 3, 4000.00, 4000.00, 43000.00, 'wanxinp2p', '2022-06-29 11:52:31', '{\"amount\":4000,\"appCode\":\"wanxinp2p\",\"bizType\":\"TENDER\",\"projectNo\":\"PRO_BE0F6E73FF5E43CA8E0D4694B3433BB8\",\"requestNo\":\"REQ_9040A0D5576746DEA669C00C6A03A8CF\",\"userNo\":\"USR_26A5085DDB5C42A680ABD8645C1DF9DC\"}');
INSERT INTO `balance_details` VALUES (41, 'USR_26A5085DDB5C42A680ABD8645C1DF9DC', 2, 4000.00, 0.00, 43000.00, 'wanxinp2p', '2022-06-29 12:00:28', '{\"commission\":0,\"details\":[{\"amount\":4000,\"preRequestNo\":\"REQ_9040A0D5576746DEA669C00C6A03A8CF\"},{\"amount\":4000,\"preRequestNo\":\"REQ_13A90C1A765E473FBEDF85B8502BB2FF\"}],\"id\":1541991148732592130,\"projectNo\":\"PRO_BE0F6E73FF5E43CA8E0D4694B3433BB8\",\"requestNo\":\"REQ_22424945AC41470FA276B0211A883A3C\"}');
INSERT INTO `balance_details` VALUES (42, 'USR_14D9D9D84128483F8FF0C9D0F7A1616B', 1, 4000.00, 0.00, 59000.00, 'wanxinp2p', '2022-06-29 12:00:28', '{\"commission\":0,\"details\":[{\"amount\":4000,\"preRequestNo\":\"REQ_9040A0D5576746DEA669C00C6A03A8CF\"},{\"amount\":4000,\"preRequestNo\":\"REQ_13A90C1A765E473FBEDF85B8502BB2FF\"}],\"id\":1541991148732592130,\"projectNo\":\"PRO_BE0F6E73FF5E43CA8E0D4694B3433BB8\",\"requestNo\":\"REQ_22424945AC41470FA276B0211A883A3C\"}');
INSERT INTO `balance_details` VALUES (43, 'USR_7D14883543C444D89A8D37B932A9EBF7', 2, 4000.00, 0.00, 44000.00, 'wanxinp2p', '2022-06-29 12:00:28', '{\"commission\":0,\"details\":[{\"amount\":4000,\"preRequestNo\":\"REQ_9040A0D5576746DEA669C00C6A03A8CF\"},{\"amount\":4000,\"preRequestNo\":\"REQ_13A90C1A765E473FBEDF85B8502BB2FF\"}],\"id\":1541991148732592130,\"projectNo\":\"PRO_BE0F6E73FF5E43CA8E0D4694B3433BB8\",\"requestNo\":\"REQ_22424945AC41470FA276B0211A883A3C\"}');
INSERT INTO `balance_details` VALUES (44, 'USR_14D9D9D84128483F8FF0C9D0F7A1616B', 1, 4000.00, 0.00, 63000.00, 'wanxinp2p', '2022-06-29 12:00:28', '{\"commission\":0,\"details\":[{\"amount\":4000,\"preRequestNo\":\"REQ_9040A0D5576746DEA669C00C6A03A8CF\"},{\"amount\":4000,\"preRequestNo\":\"REQ_13A90C1A765E473FBEDF85B8502BB2FF\"}],\"id\":1541991148732592130,\"projectNo\":\"PRO_BE0F6E73FF5E43CA8E0D4694B3433BB8\",\"requestNo\":\"REQ_22424945AC41470FA276B0211A883A3C\"}');
INSERT INTO `balance_details` VALUES (45, 'USR_26A5085DDB5C42A680ABD8645C1DF9DC', 2, 4000.00, -4000.00, 43000.00, 'wanxinp2p', '2022-06-29 12:12:29', '{\"commission\":0,\"details\":[{\"amount\":4000,\"preRequestNo\":\"REQ_9040A0D5576746DEA669C00C6A03A8CF\"},{\"amount\":4000,\"preRequestNo\":\"REQ_13A90C1A765E473FBEDF85B8502BB2FF\"}],\"id\":1541991148732592130,\"projectNo\":\"PRO_BE0F6E73FF5E43CA8E0D4694B3433BB8\",\"requestNo\":\"REQ_4183ECBEB79849179A85796B6AA90EE2\"}');
INSERT INTO `balance_details` VALUES (46, 'USR_14D9D9D84128483F8FF0C9D0F7A1616B', 1, 4000.00, 0.00, 67000.00, 'wanxinp2p', '2022-06-29 12:12:29', '{\"commission\":0,\"details\":[{\"amount\":4000,\"preRequestNo\":\"REQ_9040A0D5576746DEA669C00C6A03A8CF\"},{\"amount\":4000,\"preRequestNo\":\"REQ_13A90C1A765E473FBEDF85B8502BB2FF\"}],\"id\":1541991148732592130,\"projectNo\":\"PRO_BE0F6E73FF5E43CA8E0D4694B3433BB8\",\"requestNo\":\"REQ_4183ECBEB79849179A85796B6AA90EE2\"}');
INSERT INTO `balance_details` VALUES (47, 'USR_7D14883543C444D89A8D37B932A9EBF7', 2, 4000.00, -4000.00, 44000.00, 'wanxinp2p', '2022-06-29 12:12:29', '{\"commission\":0,\"details\":[{\"amount\":4000,\"preRequestNo\":\"REQ_9040A0D5576746DEA669C00C6A03A8CF\"},{\"amount\":4000,\"preRequestNo\":\"REQ_13A90C1A765E473FBEDF85B8502BB2FF\"}],\"id\":1541991148732592130,\"projectNo\":\"PRO_BE0F6E73FF5E43CA8E0D4694B3433BB8\",\"requestNo\":\"REQ_4183ECBEB79849179A85796B6AA90EE2\"}');
INSERT INTO `balance_details` VALUES (48, 'USR_14D9D9D84128483F8FF0C9D0F7A1616B', 1, 4000.00, 0.00, 71000.00, 'wanxinp2p', '2022-06-29 12:12:29', '{\"commission\":0,\"details\":[{\"amount\":4000,\"preRequestNo\":\"REQ_9040A0D5576746DEA669C00C6A03A8CF\"},{\"amount\":4000,\"preRequestNo\":\"REQ_13A90C1A765E473FBEDF85B8502BB2FF\"}],\"id\":1541991148732592130,\"projectNo\":\"PRO_BE0F6E73FF5E43CA8E0D4694B3433BB8\",\"requestNo\":\"REQ_4183ECBEB79849179A85796B6AA90EE2\"}');
INSERT INTO `balance_details` VALUES (49, 'USR_26A5085DDB5C42A680ABD8645C1DF9DC', 2, 4000.00, -8000.00, 43000.00, 'wanxinp2p', '2022-06-29 12:19:16', '{\"commission\":0,\"details\":[{\"amount\":4000,\"preRequestNo\":\"REQ_9040A0D5576746DEA669C00C6A03A8CF\"},{\"amount\":4000,\"preRequestNo\":\"REQ_13A90C1A765E473FBEDF85B8502BB2FF\"}],\"id\":1541991148732592130,\"projectNo\":\"PRO_BE0F6E73FF5E43CA8E0D4694B3433BB8\",\"requestNo\":\"REQ_38F0AB06400B4F1E87320960089E266E\"}');
INSERT INTO `balance_details` VALUES (50, 'USR_14D9D9D84128483F8FF0C9D0F7A1616B', 1, 4000.00, 0.00, 75000.00, 'wanxinp2p', '2022-06-29 12:19:16', '{\"commission\":0,\"details\":[{\"amount\":4000,\"preRequestNo\":\"REQ_9040A0D5576746DEA669C00C6A03A8CF\"},{\"amount\":4000,\"preRequestNo\":\"REQ_13A90C1A765E473FBEDF85B8502BB2FF\"}],\"id\":1541991148732592130,\"projectNo\":\"PRO_BE0F6E73FF5E43CA8E0D4694B3433BB8\",\"requestNo\":\"REQ_38F0AB06400B4F1E87320960089E266E\"}');
INSERT INTO `balance_details` VALUES (51, 'USR_7D14883543C444D89A8D37B932A9EBF7', 2, 4000.00, -8000.00, 44000.00, 'wanxinp2p', '2022-06-29 12:19:16', '{\"commission\":0,\"details\":[{\"amount\":4000,\"preRequestNo\":\"REQ_9040A0D5576746DEA669C00C6A03A8CF\"},{\"amount\":4000,\"preRequestNo\":\"REQ_13A90C1A765E473FBEDF85B8502BB2FF\"}],\"id\":1541991148732592130,\"projectNo\":\"PRO_BE0F6E73FF5E43CA8E0D4694B3433BB8\",\"requestNo\":\"REQ_38F0AB06400B4F1E87320960089E266E\"}');
INSERT INTO `balance_details` VALUES (52, 'USR_14D9D9D84128483F8FF0C9D0F7A1616B', 1, 4000.00, 0.00, 79000.00, 'wanxinp2p', '2022-06-29 12:19:16', '{\"commission\":0,\"details\":[{\"amount\":4000,\"preRequestNo\":\"REQ_9040A0D5576746DEA669C00C6A03A8CF\"},{\"amount\":4000,\"preRequestNo\":\"REQ_13A90C1A765E473FBEDF85B8502BB2FF\"}],\"id\":1541991148732592130,\"projectNo\":\"PRO_BE0F6E73FF5E43CA8E0D4694B3433BB8\",\"requestNo\":\"REQ_38F0AB06400B4F1E87320960089E266E\"}');
INSERT INTO `balance_details` VALUES (53, 'USR_26A5085DDB5C42A680ABD8645C1DF9DC', 2, 4000.00, -12000.00, 43000.00, 'wanxinp2p', '2022-06-29 12:24:01', '{\"commission\":0,\"details\":[{\"amount\":4000,\"preRequestNo\":\"REQ_9040A0D5576746DEA669C00C6A03A8CF\"},{\"amount\":4000,\"preRequestNo\":\"REQ_13A90C1A765E473FBEDF85B8502BB2FF\"}],\"id\":1541991148732592130,\"projectNo\":\"PRO_BE0F6E73FF5E43CA8E0D4694B3433BB8\",\"requestNo\":\"REQ_7760167DA5A441C799732BEC8DF515D3\"}');
INSERT INTO `balance_details` VALUES (54, 'USR_14D9D9D84128483F8FF0C9D0F7A1616B', 1, 4000.00, 0.00, 83000.00, 'wanxinp2p', '2022-06-29 12:24:01', '{\"commission\":0,\"details\":[{\"amount\":4000,\"preRequestNo\":\"REQ_9040A0D5576746DEA669C00C6A03A8CF\"},{\"amount\":4000,\"preRequestNo\":\"REQ_13A90C1A765E473FBEDF85B8502BB2FF\"}],\"id\":1541991148732592130,\"projectNo\":\"PRO_BE0F6E73FF5E43CA8E0D4694B3433BB8\",\"requestNo\":\"REQ_7760167DA5A441C799732BEC8DF515D3\"}');
INSERT INTO `balance_details` VALUES (55, 'USR_7D14883543C444D89A8D37B932A9EBF7', 2, 4000.00, -12000.00, 44000.00, 'wanxinp2p', '2022-06-29 12:24:01', '{\"commission\":0,\"details\":[{\"amount\":4000,\"preRequestNo\":\"REQ_9040A0D5576746DEA669C00C6A03A8CF\"},{\"amount\":4000,\"preRequestNo\":\"REQ_13A90C1A765E473FBEDF85B8502BB2FF\"}],\"id\":1541991148732592130,\"projectNo\":\"PRO_BE0F6E73FF5E43CA8E0D4694B3433BB8\",\"requestNo\":\"REQ_7760167DA5A441C799732BEC8DF515D3\"}');
INSERT INTO `balance_details` VALUES (56, 'USR_14D9D9D84128483F8FF0C9D0F7A1616B', 1, 4000.00, 0.00, 87000.00, 'wanxinp2p', '2022-06-29 12:24:01', '{\"commission\":0,\"details\":[{\"amount\":4000,\"preRequestNo\":\"REQ_9040A0D5576746DEA669C00C6A03A8CF\"},{\"amount\":4000,\"preRequestNo\":\"REQ_13A90C1A765E473FBEDF85B8502BB2FF\"}],\"id\":1541991148732592130,\"projectNo\":\"PRO_BE0F6E73FF5E43CA8E0D4694B3433BB8\",\"requestNo\":\"REQ_7760167DA5A441C799732BEC8DF515D3\"}');
INSERT INTO `balance_details` VALUES (57, 'USR_26A5085DDB5C42A680ABD8645C1DF9DC', 2, 4000.00, -16000.00, 43000.00, 'wanxinp2p', '2022-06-29 12:42:38', '{\"commission\":0,\"details\":[{\"amount\":4000,\"preRequestNo\":\"REQ_9040A0D5576746DEA669C00C6A03A8CF\"},{\"amount\":4000,\"preRequestNo\":\"REQ_13A90C1A765E473FBEDF85B8502BB2FF\"}],\"id\":1541991148732592130,\"projectNo\":\"PRO_BE0F6E73FF5E43CA8E0D4694B3433BB8\",\"requestNo\":\"REQ_5A0953D4AC51418F924A1DE3C2A29D3D\"}');
INSERT INTO `balance_details` VALUES (58, 'USR_14D9D9D84128483F8FF0C9D0F7A1616B', 1, 4000.00, 0.00, 91000.00, 'wanxinp2p', '2022-06-29 12:42:38', '{\"commission\":0,\"details\":[{\"amount\":4000,\"preRequestNo\":\"REQ_9040A0D5576746DEA669C00C6A03A8CF\"},{\"amount\":4000,\"preRequestNo\":\"REQ_13A90C1A765E473FBEDF85B8502BB2FF\"}],\"id\":1541991148732592130,\"projectNo\":\"PRO_BE0F6E73FF5E43CA8E0D4694B3433BB8\",\"requestNo\":\"REQ_5A0953D4AC51418F924A1DE3C2A29D3D\"}');
INSERT INTO `balance_details` VALUES (59, 'USR_7D14883543C444D89A8D37B932A9EBF7', 2, 4000.00, -16000.00, 44000.00, 'wanxinp2p', '2022-06-29 12:42:38', '{\"commission\":0,\"details\":[{\"amount\":4000,\"preRequestNo\":\"REQ_9040A0D5576746DEA669C00C6A03A8CF\"},{\"amount\":4000,\"preRequestNo\":\"REQ_13A90C1A765E473FBEDF85B8502BB2FF\"}],\"id\":1541991148732592130,\"projectNo\":\"PRO_BE0F6E73FF5E43CA8E0D4694B3433BB8\",\"requestNo\":\"REQ_5A0953D4AC51418F924A1DE3C2A29D3D\"}');
INSERT INTO `balance_details` VALUES (60, 'USR_14D9D9D84128483F8FF0C9D0F7A1616B', 1, 4000.00, 0.00, 95000.00, 'wanxinp2p', '2022-06-29 12:42:38', '{\"commission\":0,\"details\":[{\"amount\":4000,\"preRequestNo\":\"REQ_9040A0D5576746DEA669C00C6A03A8CF\"},{\"amount\":4000,\"preRequestNo\":\"REQ_13A90C1A765E473FBEDF85B8502BB2FF\"}],\"id\":1541991148732592130,\"projectNo\":\"PRO_BE0F6E73FF5E43CA8E0D4694B3433BB8\",\"requestNo\":\"REQ_5A0953D4AC51418F924A1DE3C2A29D3D\"}');
INSERT INTO `balance_details` VALUES (61, 'USR_26A5085DDB5C42A680ABD8645C1DF9DC', 2, 4000.00, -20000.00, 43000.00, 'wanxinp2p', '2022-06-29 12:48:55', '{\"commission\":0,\"details\":[{\"amount\":4000,\"preRequestNo\":\"REQ_9040A0D5576746DEA669C00C6A03A8CF\"},{\"amount\":4000,\"preRequestNo\":\"REQ_13A90C1A765E473FBEDF85B8502BB2FF\"}],\"id\":1541991148732592130,\"projectNo\":\"PRO_BE0F6E73FF5E43CA8E0D4694B3433BB8\",\"requestNo\":\"REQ_A6FAA01AE7CD40FBA77CAA70F6FCFB49\"}');
INSERT INTO `balance_details` VALUES (62, 'USR_14D9D9D84128483F8FF0C9D0F7A1616B', 1, 4000.00, 0.00, 99000.00, 'wanxinp2p', '2022-06-29 12:48:55', '{\"commission\":0,\"details\":[{\"amount\":4000,\"preRequestNo\":\"REQ_9040A0D5576746DEA669C00C6A03A8CF\"},{\"amount\":4000,\"preRequestNo\":\"REQ_13A90C1A765E473FBEDF85B8502BB2FF\"}],\"id\":1541991148732592130,\"projectNo\":\"PRO_BE0F6E73FF5E43CA8E0D4694B3433BB8\",\"requestNo\":\"REQ_A6FAA01AE7CD40FBA77CAA70F6FCFB49\"}');
INSERT INTO `balance_details` VALUES (63, 'USR_7D14883543C444D89A8D37B932A9EBF7', 2, 4000.00, -20000.00, 44000.00, 'wanxinp2p', '2022-06-29 12:48:55', '{\"commission\":0,\"details\":[{\"amount\":4000,\"preRequestNo\":\"REQ_9040A0D5576746DEA669C00C6A03A8CF\"},{\"amount\":4000,\"preRequestNo\":\"REQ_13A90C1A765E473FBEDF85B8502BB2FF\"}],\"id\":1541991148732592130,\"projectNo\":\"PRO_BE0F6E73FF5E43CA8E0D4694B3433BB8\",\"requestNo\":\"REQ_A6FAA01AE7CD40FBA77CAA70F6FCFB49\"}');
INSERT INTO `balance_details` VALUES (64, 'USR_14D9D9D84128483F8FF0C9D0F7A1616B', 1, 4000.00, 0.00, 103000.00, 'wanxinp2p', '2022-06-29 12:48:55', '{\"commission\":0,\"details\":[{\"amount\":4000,\"preRequestNo\":\"REQ_9040A0D5576746DEA669C00C6A03A8CF\"},{\"amount\":4000,\"preRequestNo\":\"REQ_13A90C1A765E473FBEDF85B8502BB2FF\"}],\"id\":1541991148732592130,\"projectNo\":\"PRO_BE0F6E73FF5E43CA8E0D4694B3433BB8\",\"requestNo\":\"REQ_A6FAA01AE7CD40FBA77CAA70F6FCFB49\"}');
INSERT INTO `balance_details` VALUES (65, 'USR_26A5085DDB5C42A680ABD8645C1DF9DC', 2, 4000.00, -24000.00, 43000.00, 'wanxinp2p', '2022-06-29 12:51:31', '{\"commission\":0,\"details\":[{\"amount\":4000,\"preRequestNo\":\"REQ_9040A0D5576746DEA669C00C6A03A8CF\"},{\"amount\":4000,\"preRequestNo\":\"REQ_13A90C1A765E473FBEDF85B8502BB2FF\"}],\"id\":1541991148732592130,\"projectNo\":\"PRO_BE0F6E73FF5E43CA8E0D4694B3433BB8\",\"requestNo\":\"REQ_C71D21C9152649D29D210FE2C1D1AE5F\"}');
INSERT INTO `balance_details` VALUES (66, 'USR_14D9D9D84128483F8FF0C9D0F7A1616B', 1, 4000.00, 0.00, 107000.00, 'wanxinp2p', '2022-06-29 12:51:31', '{\"commission\":0,\"details\":[{\"amount\":4000,\"preRequestNo\":\"REQ_9040A0D5576746DEA669C00C6A03A8CF\"},{\"amount\":4000,\"preRequestNo\":\"REQ_13A90C1A765E473FBEDF85B8502BB2FF\"}],\"id\":1541991148732592130,\"projectNo\":\"PRO_BE0F6E73FF5E43CA8E0D4694B3433BB8\",\"requestNo\":\"REQ_C71D21C9152649D29D210FE2C1D1AE5F\"}');
INSERT INTO `balance_details` VALUES (67, 'USR_7D14883543C444D89A8D37B932A9EBF7', 2, 4000.00, -24000.00, 44000.00, 'wanxinp2p', '2022-06-29 12:51:31', '{\"commission\":0,\"details\":[{\"amount\":4000,\"preRequestNo\":\"REQ_9040A0D5576746DEA669C00C6A03A8CF\"},{\"amount\":4000,\"preRequestNo\":\"REQ_13A90C1A765E473FBEDF85B8502BB2FF\"}],\"id\":1541991148732592130,\"projectNo\":\"PRO_BE0F6E73FF5E43CA8E0D4694B3433BB8\",\"requestNo\":\"REQ_C71D21C9152649D29D210FE2C1D1AE5F\"}');
INSERT INTO `balance_details` VALUES (68, 'USR_14D9D9D84128483F8FF0C9D0F7A1616B', 1, 4000.00, 0.00, 111000.00, 'wanxinp2p', '2022-06-29 12:51:31', '{\"commission\":0,\"details\":[{\"amount\":4000,\"preRequestNo\":\"REQ_9040A0D5576746DEA669C00C6A03A8CF\"},{\"amount\":4000,\"preRequestNo\":\"REQ_13A90C1A765E473FBEDF85B8502BB2FF\"}],\"id\":1541991148732592130,\"projectNo\":\"PRO_BE0F6E73FF5E43CA8E0D4694B3433BB8\",\"requestNo\":\"REQ_C71D21C9152649D29D210FE2C1D1AE5F\"}');
INSERT INTO `balance_details` VALUES (69, 'USR_14D9D9D84128483F8FF0C9D0F7A1616B', 3, 703.32, 703.32, 110296.68, 'wanxinp2p', '2022-06-29 16:16:56', '{\"amount\":703.32,\"appCode\":\"wanxinp2p\",\"bizType\":\"REPAYMENT\",\"projectNo\":\"PRO_BE0F6E73FF5E43CA8E0D4694B3433BB8\",\"requestNo\":\"REQ_4AF3AD9B098547D39A892E908679760D\",\"userNo\":\"USR_14D9D9D84128483F8FF0C9D0F7A1616B\"}');
INSERT INTO `balance_details` VALUES (70, 'USR_14D9D9D84128483F8FF0C9D0F7A1616B', 3, 703.32, 1406.64, 109593.36, 'wanxinp2p', '2022-06-30 13:09:04', '{\"amount\":703.32,\"appCode\":\"wanxinp2p\",\"bizType\":\"REPAYMENT\",\"projectNo\":\"PRO_BE0F6E73FF5E43CA8E0D4694B3433BB8\",\"requestNo\":\"REQ_CDBD962180524FEE956E4F8FFE129A0C\",\"userNo\":\"USR_14D9D9D84128483F8FF0C9D0F7A1616B\"}');
INSERT INTO `balance_details` VALUES (71, 'USR_14D9D9D84128483F8FF0C9D0F7A1616B', 3, 703.32, 2109.96, 108890.04, 'wanxinp2p', '2022-06-30 13:14:01', '{\"amount\":703.32,\"appCode\":\"wanxinp2p\",\"bizType\":\"REPAYMENT\",\"projectNo\":\"PRO_BE0F6E73FF5E43CA8E0D4694B3433BB8\",\"requestNo\":\"REQ_340A78F252D5442CBED8D458A56DA8C7\",\"userNo\":\"USR_14D9D9D84128483F8FF0C9D0F7A1616B\"}');
INSERT INTO `balance_details` VALUES (72, 'USR_14D9D9D84128483F8FF0C9D0F7A1616B', 1, 50.00, 2109.96, 108940.04, 'wanxinp2p', '2022-07-01 13:01:57', '{\"amount\":50,\"appCode\":\"wanxinp2p\",\"bankCode\":\"ICBC\",\"callbackUrl\":\"http://192.168.64.233:8081/#/pages/common/success?st=2\",\"cardNumber\":\"6222109481381299\",\"password\":\"888888\",\"requestNo\":\"REQ_C6D80A3CFD0E44059AE49E253FA2B47C\",\"userNo\":\"USR_14D9D9D84128483F8FF0C9D0F7A1616B\"}');
INSERT INTO `balance_details` VALUES (73, 'USR_14D9D9D84128483F8FF0C9D0F7A1616B', 1, 100.00, 2109.96, 109040.04, 'wanxinp2p', '2022-07-01 13:06:35', '{\"amount\":100,\"appCode\":\"wanxinp2p\",\"bankCode\":\"ICBC\",\"callbackUrl\":\"http://192.168.64.233:8081/#/pages/common/success?st=2\",\"cardNumber\":\"6222109481381299\",\"password\":\"888888\",\"requestNo\":\"REQ_8C3996E998D146E0BFB78829FFE8BED9\",\"userNo\":\"USR_14D9D9D84128483F8FF0C9D0F7A1616B\"}');
INSERT INTO `balance_details` VALUES (74, 'USR_14D9D9D84128483F8FF0C9D0F7A1616B', 2, 100.00, 2109.96, 108940.04, 'wanxinp2p', '2022-07-01 13:10:44', '{\"amount\":100,\"appCode\":\"wanxinp2p\",\"bankCode\":\"ICBC\",\"callbackUrl\":\"http://192.168.64.233:8081/#/pages/common/success?st=3\",\"cardNumber\":\"6222109481381299\",\"requestNo\":\"REQ_AFCFA2CA47A44C63B5294B97BA20BB18\",\"userNo\":\"USR_14D9D9D84128483F8FF0C9D0F7A1616B\"}');
INSERT INTO `balance_details` VALUES (75, 'USR_14D9D9D84128483F8FF0C9D0F7A1616B', 2, 50.00, 2109.96, 108890.04, 'wanxinp2p', '2022-07-01 13:11:59', '{\"amount\":50,\"appCode\":\"wanxinp2p\",\"bankCode\":\"ICBC\",\"callbackUrl\":\"http://192.168.64.233:8081/#/pages/common/success?st=3\",\"cardNumber\":\"6222109481381299\",\"requestNo\":\"REQ_A9F9D6AC88F345A9AC6403E8F6F21A14\",\"userNo\":\"USR_14D9D9D84128483F8FF0C9D0F7A1616B\"}');
INSERT INTO `balance_details` VALUES (76, 'USR_14D9D9D84128483F8FF0C9D0F7A1616B', 1, 300.00, 2109.96, 109190.04, 'wanxinp2p', '2022-07-01 13:13:12', '{\"amount\":300,\"appCode\":\"wanxinp2p\",\"bankCode\":\"ICBC\",\"callbackUrl\":\"http://192.168.64.233:8081/#/pages/common/success?st=2\",\"cardNumber\":\"6222109481381299\",\"password\":\"888888\",\"requestNo\":\"REQ_7DE1A3CAAA2B4E3399831EAE1778DC41\",\"userNo\":\"USR_14D9D9D84128483F8FF0C9D0F7A1616B\"}');
INSERT INTO `balance_details` VALUES (77, 'USR_14D9D9D84128483F8FF0C9D0F7A1616B', 2, 200.00, 2109.96, 108990.04, 'wanxinp2p', '2022-07-01 13:14:16', '{\"amount\":200,\"appCode\":\"wanxinp2p\",\"bankCode\":\"ICBC\",\"callbackUrl\":\"http://192.168.64.233:8081/#/pages/common/success?st=3\",\"cardNumber\":\"6222109481381299\",\"requestNo\":\"REQ_533EA55B331542D3B8A9D66037825C1B\",\"userNo\":\"USR_14D9D9D84128483F8FF0C9D0F7A1616B\"}');
INSERT INTO `balance_details` VALUES (78, 'USR_14D9D9D84128483F8FF0C9D0F7A1616B', 2, 100.00, 2109.96, 108890.04, 'wanxinp2p', '2022-07-01 13:15:39', '{\"amount\":100,\"appCode\":\"wanxinp2p\",\"bankCode\":\"ICBC\",\"callbackUrl\":\"http://192.168.64.233:8081/#/pages/common/success?st=3\",\"cardNumber\":\"6222109481381299\",\"requestNo\":\"REQ_04870D387EEB4E0CB51731CA54C72B87\",\"userNo\":\"USR_14D9D9D84128483F8FF0C9D0F7A1616B\"}');
INSERT INTO `balance_details` VALUES (79, 'USR_7D14883543C444D89A8D37B932A9EBF7', 3, 4000.00, -20000.00, 40000.00, 'wanxinp2p', '2022-07-02 22:57:30', '{\"amount\":4000,\"appCode\":\"wanxinp2p\",\"bizType\":\"TENDER\",\"projectNo\":\"PRO_27DE2AE0B1314CA18EDD050871AAFAA3\",\"requestNo\":\"REQ_B62D1CE985314D3A8CD02271455B6CCC\",\"userNo\":\"USR_7D14883543C444D89A8D37B932A9EBF7\"}');
INSERT INTO `balance_details` VALUES (80, 'USR_7D14883543C444D89A8D37B932A9EBF7', 3, 4000.00, -16000.00, 36000.00, 'wanxinp2p', '2022-07-02 22:59:01', '{\"amount\":4000,\"appCode\":\"wanxinp2p\",\"bizType\":\"TENDER\",\"projectNo\":\"PRO_6652A9285C2D47B59AF97AA05B995142\",\"requestNo\":\"REQ_7D67EACB169F423D8726EF50ADCB05C8\",\"userNo\":\"USR_7D14883543C444D89A8D37B932A9EBF7\"}');
INSERT INTO `balance_details` VALUES (81, 'USR_7D14883543C444D89A8D37B932A9EBF7', 3, 2000.00, -14000.00, 34000.00, 'wanxinp2p', '2022-07-02 23:03:57', '{\"amount\":2000,\"appCode\":\"wanxinp2p\",\"bizType\":\"TENDER\",\"projectNo\":\"PRO_16FB6C7AE54649FC85D22CEB4D1EC2D6\",\"requestNo\":\"REQ_92938ECB53A94E919C905558FC1C38D1\",\"userNo\":\"USR_7D14883543C444D89A8D37B932A9EBF7\"}');
INSERT INTO `balance_details` VALUES (82, 'USR_7D14883543C444D89A8D37B932A9EBF7', 2, 4000.00, -18000.00, 34000.00, 'wanxinp2p', '2022-07-02 23:04:18', '{\"commission\":0,\"details\":[{\"amount\":4000,\"preRequestNo\":\"REQ_7D67EACB169F423D8726EF50ADCB05C8\"}],\"id\":1543165467395481601,\"projectNo\":\"PRO_6652A9285C2D47B59AF97AA05B995142\",\"requestNo\":\"REQ_75164A31B7324E6BA681E0B418E15FEC\"}');
INSERT INTO `balance_details` VALUES (83, 'USR_14D9D9D84128483F8FF0C9D0F7A1616B', 1, 4000.00, 2109.96, 112890.04, 'wanxinp2p', '2022-07-02 23:04:18', '{\"commission\":0,\"details\":[{\"amount\":4000,\"preRequestNo\":\"REQ_7D67EACB169F423D8726EF50ADCB05C8\"}],\"id\":1543165467395481601,\"projectNo\":\"PRO_6652A9285C2D47B59AF97AA05B995142\",\"requestNo\":\"REQ_75164A31B7324E6BA681E0B418E15FEC\"}');
INSERT INTO `balance_details` VALUES (84, 'USR_7D14883543C444D89A8D37B932A9EBF7', 3, 5000.00, -13000.00, 29000.00, 'wanxinp2p', '2022-07-02 23:12:53', '{\"amount\":5000,\"appCode\":\"wanxinp2p\",\"bizType\":\"TENDER\",\"projectNo\":\"PRO_27DE2AE0B1314CA18EDD050871AAFAA3\",\"requestNo\":\"REQ_369A8A3093874A918C0AA1FD259E2AD2\",\"userNo\":\"USR_7D14883543C444D89A8D37B932A9EBF7\"}');
INSERT INTO `balance_details` VALUES (85, 'USR_7D14883543C444D89A8D37B932A9EBF7', 2, 4000.00, -17000.00, 29000.00, 'wanxinp2p', '2022-07-02 23:20:21', '{\"commission\":0,\"details\":[{\"amount\":4000,\"preRequestNo\":\"REQ_B62D1CE985314D3A8CD02271455B6CCC\"},{\"amount\":5000,\"preRequestNo\":\"REQ_369A8A3093874A918C0AA1FD259E2AD2\"}],\"id\":1543165556713185282,\"projectNo\":\"PRO_27DE2AE0B1314CA18EDD050871AAFAA3\",\"requestNo\":\"REQ_C18BD7E4CF8D428EA1457BC22E019B06\"}');
INSERT INTO `balance_details` VALUES (86, 'USR_14D9D9D84128483F8FF0C9D0F7A1616B', 1, 4000.00, 2109.96, 116890.04, 'wanxinp2p', '2022-07-02 23:20:21', '{\"commission\":0,\"details\":[{\"amount\":4000,\"preRequestNo\":\"REQ_B62D1CE985314D3A8CD02271455B6CCC\"},{\"amount\":5000,\"preRequestNo\":\"REQ_369A8A3093874A918C0AA1FD259E2AD2\"}],\"id\":1543165556713185282,\"projectNo\":\"PRO_27DE2AE0B1314CA18EDD050871AAFAA3\",\"requestNo\":\"REQ_C18BD7E4CF8D428EA1457BC22E019B06\"}');
INSERT INTO `balance_details` VALUES (87, 'USR_7D14883543C444D89A8D37B932A9EBF7', 2, 5000.00, -22000.00, 29000.00, 'wanxinp2p', '2022-07-02 23:20:21', '{\"commission\":0,\"details\":[{\"amount\":4000,\"preRequestNo\":\"REQ_B62D1CE985314D3A8CD02271455B6CCC\"},{\"amount\":5000,\"preRequestNo\":\"REQ_369A8A3093874A918C0AA1FD259E2AD2\"}],\"id\":1543165556713185282,\"projectNo\":\"PRO_27DE2AE0B1314CA18EDD050871AAFAA3\",\"requestNo\":\"REQ_C18BD7E4CF8D428EA1457BC22E019B06\"}');
INSERT INTO `balance_details` VALUES (88, 'USR_14D9D9D84128483F8FF0C9D0F7A1616B', 1, 5000.00, 2109.96, 121890.04, 'wanxinp2p', '2022-07-02 23:20:21', '{\"commission\":0,\"details\":[{\"amount\":4000,\"preRequestNo\":\"REQ_B62D1CE985314D3A8CD02271455B6CCC\"},{\"amount\":5000,\"preRequestNo\":\"REQ_369A8A3093874A918C0AA1FD259E2AD2\"}],\"id\":1543165556713185282,\"projectNo\":\"PRO_27DE2AE0B1314CA18EDD050871AAFAA3\",\"requestNo\":\"REQ_C18BD7E4CF8D428EA1457BC22E019B06\"}');
INSERT INTO `balance_details` VALUES (89, 'USR_7D14883543C444D89A8D37B932A9EBF7', 3, 3000.00, -19000.00, 26000.00, 'wanxinp2p', '2022-07-02 23:22:44', '{\"amount\":3000,\"appCode\":\"wanxinp2p\",\"bizType\":\"TENDER\",\"projectNo\":\"PRO_2FA7A9AF9EF84997BEA68B767A0E9F7F\",\"requestNo\":\"REQ_48DE51F889274CE4B6E8CD88B9503B83\",\"userNo\":\"USR_7D14883543C444D89A8D37B932A9EBF7\"}');
INSERT INTO `balance_details` VALUES (90, 'USR_7D14883543C444D89A8D37B932A9EBF7', 3, 3000.00, -16000.00, 23000.00, 'wanxinp2p', '2022-07-02 23:23:18', '{\"amount\":3000,\"appCode\":\"wanxinp2p\",\"bizType\":\"TENDER\",\"projectNo\":\"PRO_E45D9AE258E0469C9783DD45E0E59A38\",\"requestNo\":\"REQ_5CD432E9393747A4A1D65A2619C5B7CB\",\"userNo\":\"USR_7D14883543C444D89A8D37B932A9EBF7\"}');
INSERT INTO `balance_details` VALUES (91, 'USR_7D14883543C444D89A8D37B932A9EBF7', 3, 8000.00, -8000.00, 15000.00, 'wanxinp2p', '2022-07-02 23:23:45', '{\"amount\":8000,\"appCode\":\"wanxinp2p\",\"bizType\":\"TENDER\",\"projectNo\":\"PRO_C82A6B51FCBE4B3CB3EAA7467BBB949E\",\"requestNo\":\"REQ_A64921A4C49C4C1AB59AC3CE6C874288\",\"userNo\":\"USR_7D14883543C444D89A8D37B932A9EBF7\"}');
INSERT INTO `balance_details` VALUES (92, 'USR_7D14883543C444D89A8D37B932A9EBF7', 2, 2000.00, -10000.00, 15000.00, 'wanxinp2p', '2022-07-02 23:24:13', '{\"commission\":0,\"details\":[{\"amount\":2000,\"preRequestNo\":\"REQ_92938ECB53A94E919C905558FC1C38D1\"}],\"id\":1543165400387280897,\"projectNo\":\"PRO_16FB6C7AE54649FC85D22CEB4D1EC2D6\",\"requestNo\":\"REQ_DD1A11DE78C3459EAB68F4E91EF9F994\"}');
INSERT INTO `balance_details` VALUES (93, 'USR_14D9D9D84128483F8FF0C9D0F7A1616B', 1, 2000.00, 2109.96, 123890.04, 'wanxinp2p', '2022-07-02 23:24:13', '{\"commission\":0,\"details\":[{\"amount\":2000,\"preRequestNo\":\"REQ_92938ECB53A94E919C905558FC1C38D1\"}],\"id\":1543165400387280897,\"projectNo\":\"PRO_16FB6C7AE54649FC85D22CEB4D1EC2D6\",\"requestNo\":\"REQ_DD1A11DE78C3459EAB68F4E91EF9F994\"}');
INSERT INTO `balance_details` VALUES (94, 'USR_14D9D9D84128483F8FF0C9D0F7A1616B', 3, 703.32, 2813.28, 123186.72, 'wanxinp2p', '2022-07-04 17:37:01', '{\"amount\":703.32,\"appCode\":\"wanxinp2p\",\"bizType\":\"REPAYMENT\",\"projectNo\":\"PRO_BE0F6E73FF5E43CA8E0D4694B3433BB8\",\"requestNo\":\"REQ_A70670E420CE430C9D71D89885BF916E\",\"userNo\":\"USR_14D9D9D84128483F8FF0C9D0F7A1616B\"}');

-- ----------------------------
-- Table structure for bank_card
-- ----------------------------
DROP TABLE IF EXISTS `bank_card`;
CREATE TABLE `bank_card`  (
  `ID` bigint(20) NOT NULL AUTO_INCREMENT COMMENT '主键',
  `USER_ID` bigint(20) NULL DEFAULT NULL COMMENT '用户标识',
  `BANK_CODE` varchar(50) CHARACTER SET utf8 COLLATE utf8_general_ci NOT NULL COMMENT '银行编码',
  `BANK_NAME` varchar(50) CHARACTER SET utf8 COLLATE utf8_general_ci NULL DEFAULT NULL COMMENT '银行名称',
  `CARD_NUMBER` varchar(50) CHARACTER SET utf8 COLLATE utf8_general_ci NULL DEFAULT NULL COMMENT '银行卡号',
  `PASSWORD` varchar(50) CHARACTER SET utf8 COLLATE utf8_general_ci NULL DEFAULT NULL COMMENT '银行卡密码',
  PRIMARY KEY (`ID`) USING BTREE
) ENGINE = InnoDB AUTO_INCREMENT = 101 CHARACTER SET = utf8 COLLATE = utf8_general_ci COMMENT = '银行用户银行卡信息' ROW_FORMAT = Dynamic;

-- ----------------------------
-- Records of bank_card
-- ----------------------------
INSERT INTO `bank_card` VALUES (1, 101, '1001', '招商银行', '123456789', '123456');
INSERT INTO `bank_card` VALUES (2, 2, 'HXB', '华夏银行', '6226374064116779', '888888');
INSERT INTO `bank_card` VALUES (3, 3, 'BOC', '中国银行', '6227522042261302', '888888');
INSERT INTO `bank_card` VALUES (4, 4, 'BCOM', '交通银行', '6222601882590510', '888888');
INSERT INTO `bank_card` VALUES (5, 5, 'CMB', '招商银行', '6283622096126152', '888888');
INSERT INTO `bank_card` VALUES (6, 6, 'BOC', '中国银行', '6227522332746723', '888888');
INSERT INTO `bank_card` VALUES (7, 7, 'PAB', '平安银行', '6221550724496322', '888888');
INSERT INTO `bank_card` VALUES (8, 8, 'BOC', '中国银行', '6227520922642005', '888888');
INSERT INTO `bank_card` VALUES (9, 9, 'BCOM', '交通银行', '6222601324704604', '888888');
INSERT INTO `bank_card` VALUES (10, 10, 'ICBC', '中国工商银行', '6222001116940203', '888888');
INSERT INTO `bank_card` VALUES (11, 11, 'BOC', '中国银行', '6227521505536598', '888888');
INSERT INTO `bank_card` VALUES (12, 12, 'CCB', '中国建设银行', '6222807701917624', '888888');
INSERT INTO `bank_card` VALUES (13, 13, 'ICBC', '中国工商银行', '6222157611501633', '888888');
INSERT INTO `bank_card` VALUES (14, 14, 'CMB', '招商银行', '6225817880825867', '888888');
INSERT INTO `bank_card` VALUES (15, 15, 'BOC', '中国银行', '6227527798104853', '888888');
INSERT INTO `bank_card` VALUES (16, 16, 'CMBC', '中国民生银行', '6226008107827717', '888888');
INSERT INTO `bank_card` VALUES (17, 17, 'CITIC', '中信银行', '6226908456025476', '888888');
INSERT INTO `bank_card` VALUES (18, 18, 'BCOM', '交通银行', '6222608248261066', '888888');
INSERT INTO `bank_card` VALUES (19, 19, 'CMB', '招商银行', '6283626666943086', '888888');
INSERT INTO `bank_card` VALUES (20, 20, 'CITIC', '中信银行', '6226906949733524', '888888');
INSERT INTO `bank_card` VALUES (21, 21, 'CCB', '中国建设银行', '6222806861241288', '888888');
INSERT INTO `bank_card` VALUES (22, 22, 'HXB', '华夏银行', '6226367147879215', '888888');
INSERT INTO `bank_card` VALUES (23, 23, 'CEB', '中国光大银行', '6226557047844497', '888888');
INSERT INTO `bank_card` VALUES (24, 24, 'ICBC', '中国工商银行', '6222107326787456', '888888');
INSERT INTO `bank_card` VALUES (25, 25, 'CMB', '招商银行', '6225785720460791', '888888');
INSERT INTO `bank_card` VALUES (26, 26, 'CMBC', '中国民生银行', '6226015553095020', '888888');
INSERT INTO `bank_card` VALUES (27, 27, 'CITIC', '中信银行', '6226905901292776', '888888');
INSERT INTO `bank_card` VALUES (28, 28, 'CMB', '招商银行', '6282625816648018', '888888');
INSERT INTO `bank_card` VALUES (29, 29, 'CGB', '广东发展银行', '6225686141760837', '888888');
INSERT INTO `bank_card` VALUES (30, 30, 'CEB', '中国光大银行', '6226506491882339', '888888');
INSERT INTO `bank_card` VALUES (31, 31, 'BCOM', '交通银行', '6222606276422956', '888888');
INSERT INTO `bank_card` VALUES (32, 32, 'PAB', '平安银行', '6221554700876200', '888888');
INSERT INTO `bank_card` VALUES (33, 33, 'CCB', '中国建设银行', '6222804979819160', '888888');
INSERT INTO `bank_card` VALUES (34, 34, 'BOC', '中国银行', '6227524820148362', '888888');
INSERT INTO `bank_card` VALUES (35, 35, 'ICBC', '中国工商银行', '6222305179888583', '888888');
INSERT INTO `bank_card` VALUES (36, 36, 'CMBC', '中国民生银行', '6226015050997702', '888888');
INSERT INTO `bank_card` VALUES (37, 37, 'CMB', '招商银行', '6282625391500485', '888888');
INSERT INTO `bank_card` VALUES (38, 38, 'ICBC', '中国工商银行', '6222301582110293', '888888');
INSERT INTO `bank_card` VALUES (39, 39, 'BCOM', '交通银行', '6222601886061922', '888888');
INSERT INTO `bank_card` VALUES (40, 40, 'CGB', '广东发展银行', '6225682172699853', '888888');
INSERT INTO `bank_card` VALUES (41, 41, 'HXB', '华夏银行', '6226372005334089', '888888');
INSERT INTO `bank_card` VALUES (42, 42, 'BCOM', '交通银行', '6222602415091661', '888888');
INSERT INTO `bank_card` VALUES (43, 43, 'CITIC', '中信银行', '6226902191937301', '888888');
INSERT INTO `bank_card` VALUES (44, 44, 'BOC', '中国银行', '6227520614466812', '888888');
INSERT INTO `bank_card` VALUES (45, 45, 'CMB', '招商银行', '6225760895333503', '888888');
INSERT INTO `bank_card` VALUES (46, 46, 'BCOM', '交通银行', '6222600774137604', '888888');
INSERT INTO `bank_card` VALUES (47, 47, 'BOC', '中国银行', '6227521076165496', '888888');
INSERT INTO `bank_card` VALUES (48, 48, 'HXB', '华夏银行', '6226360991520738', '888888');
INSERT INTO `bank_card` VALUES (49, 49, 'PAB', '平安银行', '6221561256997470', '888888');
INSERT INTO `bank_card` VALUES (50, 50, 'BOC', '中国银行', '6227529692993183', '888888');
INSERT INTO `bank_card` VALUES (51, 51, 'ICBC', '中国工商银行', '6222109481381299', '888888');
INSERT INTO `bank_card` VALUES (52, 52, 'BOC', '中国银行', '6227529891138879', '888888');
INSERT INTO `bank_card` VALUES (53, 53, 'CMBC', '中国民生银行', '6226009771866718', '888888');
INSERT INTO `bank_card` VALUES (54, 54, 'CEB', '中国光大银行', '6226580054657164', '888888');
INSERT INTO `bank_card` VALUES (55, 55, 'BOC', '中国银行', '6227520356685041', '888888');
INSERT INTO `bank_card` VALUES (56, 56, 'CITIC', '中信银行', '6226900235489149', '888888');
INSERT INTO `bank_card` VALUES (57, 57, 'CMB', '招商银行', '6282628609925031', '888888');
INSERT INTO `bank_card` VALUES (58, 58, 'HXB', '华夏银行', '6226378940809085', '888888');
INSERT INTO `bank_card` VALUES (59, 59, 'HXB', '华夏银行', '6226379181277149', '888888');
INSERT INTO `bank_card` VALUES (60, 60, 'CMBC', '中国民生银行', '6226019092784904', '888888');
INSERT INTO `bank_card` VALUES (61, 61, 'CMBC', '中国民生银行', '6226009465991335', '888888');
INSERT INTO `bank_card` VALUES (62, 62, 'CITIC', '中信银行', '6226909290930582', '888888');
INSERT INTO `bank_card` VALUES (63, 63, 'CCB', '中国建设银行', '6222805525786522', '888888');
INSERT INTO `bank_card` VALUES (64, 64, 'CMBC', '中国民生银行', '6226015379581948', '888888');
INSERT INTO `bank_card` VALUES (65, 65, 'ICBC', '中国工商银行', '6222155798958246', '888888');
INSERT INTO `bank_card` VALUES (66, 66, 'BOC', '中国银行', '6227526116376086', '888888');
INSERT INTO `bank_card` VALUES (67, 67, 'HXB', '华夏银行', '6226375979790228', '888888');
INSERT INTO `bank_card` VALUES (68, 68, 'PAB', '平安银行', '6221566343377933', '888888');
INSERT INTO `bank_card` VALUES (69, 69, 'BCOM', '交通银行', '6222606129842293', '888888');
INSERT INTO `bank_card` VALUES (70, 70, 'CMBC', '中国民生银行', '6226024567761767', '888888');
INSERT INTO `bank_card` VALUES (71, 71, 'CMB', '招商银行', '6282624708195105', '888888');
INSERT INTO `bank_card` VALUES (72, 72, 'BCOM', '交通银行', '6222604944815685', '888888');
INSERT INTO `bank_card` VALUES (73, 73, 'CITIC', '中信银行', '6226905291089691', '888888');
INSERT INTO `bank_card` VALUES (74, 74, 'CEB', '中国光大银行', '6226503602042028', '888888');
INSERT INTO `bank_card` VALUES (75, 75, 'CEB', '中国光大银行', '6226503517397269', '888888');
INSERT INTO `bank_card` VALUES (76, 76, 'BCOM', '交通银行', '6222603817501406', '888888');
INSERT INTO `bank_card` VALUES (77, 77, 'CEB', '中国光大银行', '6226554088749388', '888888');
INSERT INTO `bank_card` VALUES (78, 78, 'CCB', '中国建设银行', '6222803969477229', '888888');
INSERT INTO `bank_card` VALUES (79, 79, 'BCOM', '交通银行', '6222604371539824', '888888');
INSERT INTO `bank_card` VALUES (80, 80, 'HXB', '华夏银行', '6226374242648941', '888888');
INSERT INTO `bank_card` VALUES (81, 81, 'BOC', '中国银行', '6227522567067480', '888888');
INSERT INTO `bank_card` VALUES (82, 82, 'HXB', '华夏银行', '6226372438176594', '888888');
INSERT INTO `bank_card` VALUES (83, 83, 'CCB', '中国建设银行', '6222802842162941', '888888');
INSERT INTO `bank_card` VALUES (84, 84, 'ICBC', '中国工商银行', '6222153111487175', '888888');
INSERT INTO `bank_card` VALUES (85, 85, 'BCOM', '交通银行', '6222603026842419', '888888');
INSERT INTO `bank_card` VALUES (86, 86, 'CMB', '招商银行', '6225783325022819', '888888');
INSERT INTO `bank_card` VALUES (87, 87, 'BOC', '中国银行', '6227529502619101', '888888');
INSERT INTO `bank_card` VALUES (88, 88, 'CMB', '招商银行', '6283629373728220', '888888');
INSERT INTO `bank_card` VALUES (89, 89, 'PAB', '平安银行', '6221569746934656', '888888');
INSERT INTO `bank_card` VALUES (90, 90, 'CMBC', '中国民生银行', '6226009627662493', '888888');
INSERT INTO `bank_card` VALUES (91, 91, 'CEB', '中国光大银行', '6226559912376688', '888888');
INSERT INTO `bank_card` VALUES (92, 92, 'ICBC', '中国工商银行', '6222359806570734', '888888');
INSERT INTO `bank_card` VALUES (93, 93, 'PAB', '平安银行', '6221550093208670', '888888');
INSERT INTO `bank_card` VALUES (94, 94, 'HXB', '华夏银行', '6226368481110779', '888888');
INSERT INTO `bank_card` VALUES (95, 95, 'CITIC', '中信银行', '6226908317592482', '888888');
INSERT INTO `bank_card` VALUES (96, 96, 'CITIC', '中信银行', '6226908660019018', '888888');
INSERT INTO `bank_card` VALUES (97, 97, 'CITIC', '中信银行', '6226908975513101', '888888');
INSERT INTO `bank_card` VALUES (98, 98, 'CEB', '中国光大银行', '6226588856240949', '888888');
INSERT INTO `bank_card` VALUES (99, 99, 'PAB', '平安银行', '6221569248684825', '888888');
INSERT INTO `bank_card` VALUES (100, 100, 'CCB', '中国建设银行', '6222809042844160', '888888');
INSERT INTO `bank_card` VALUES (101, 101, 'CGB', '广东发展银行', '6225687474992393', '888888');

-- ----------------------------
-- Table structure for bank_card_details
-- ----------------------------
DROP TABLE IF EXISTS `bank_card_details`;
CREATE TABLE `bank_card_details`  (
  `ID` bigint(20) NOT NULL AUTO_INCREMENT COMMENT '主键',
  `BANK_CARD_ID` bigint(20) NOT NULL COMMENT '银行卡ID',
  `CHANGE_TYPE` tinyint(4) NULL DEFAULT NULL COMMENT '账户变动类型',
  `MONEY` decimal(10, 2) NULL DEFAULT NULL COMMENT '变动金额',
  `BALANCE` decimal(10, 2) NULL DEFAULT NULL COMMENT '当前余额',
  `CREATE_DATE` datetime NULL DEFAULT NULL COMMENT '账户变动时间',
  PRIMARY KEY (`ID`) USING BTREE
) ENGINE = InnoDB AUTO_INCREMENT = 108 CHARACTER SET = utf8 COLLATE = utf8_general_ci COMMENT = '银行卡明细' ROW_FORMAT = Dynamic;

-- ----------------------------
-- Records of bank_card_details
-- ----------------------------
INSERT INTO `bank_card_details` VALUES (1, 1001, NULL, 1000.00, 1000.00, '2022-03-14 00:50:22');
INSERT INTO `bank_card_details` VALUES (2, 2, 1, 0.00, 0.00, '2022-06-15 23:19:24');
INSERT INTO `bank_card_details` VALUES (3, 3, 1, 0.00, 0.00, '2022-06-15 23:19:24');
INSERT INTO `bank_card_details` VALUES (4, 4, 1, 0.00, 0.00, '2022-06-15 23:19:24');
INSERT INTO `bank_card_details` VALUES (5, 5, 1, 0.00, 0.00, '2022-06-15 23:19:24');
INSERT INTO `bank_card_details` VALUES (6, 6, 1, 0.00, 0.00, '2022-06-15 23:19:24');
INSERT INTO `bank_card_details` VALUES (7, 7, 1, 0.00, 0.00, '2022-06-15 23:19:25');
INSERT INTO `bank_card_details` VALUES (8, 8, 1, 0.00, 0.00, '2022-06-15 23:19:25');
INSERT INTO `bank_card_details` VALUES (9, 9, 1, 0.00, 0.00, '2022-06-15 23:19:25');
INSERT INTO `bank_card_details` VALUES (10, 10, 1, 0.00, 0.00, '2022-06-15 23:19:25');
INSERT INTO `bank_card_details` VALUES (11, 11, 1, 0.00, 0.00, '2022-06-15 23:19:25');
INSERT INTO `bank_card_details` VALUES (12, 12, 1, 0.00, 0.00, '2022-06-15 23:19:25');
INSERT INTO `bank_card_details` VALUES (13, 13, 1, 0.00, 0.00, '2022-06-15 23:19:25');
INSERT INTO `bank_card_details` VALUES (14, 14, 1, 0.00, 0.00, '2022-06-15 23:19:25');
INSERT INTO `bank_card_details` VALUES (15, 15, 1, 0.00, 0.00, '2022-06-15 23:19:25');
INSERT INTO `bank_card_details` VALUES (16, 16, 1, 0.00, 0.00, '2022-06-15 23:19:25');
INSERT INTO `bank_card_details` VALUES (17, 17, 1, 0.00, 0.00, '2022-06-15 23:19:25');
INSERT INTO `bank_card_details` VALUES (18, 18, 1, 0.00, 0.00, '2022-06-15 23:19:25');
INSERT INTO `bank_card_details` VALUES (19, 19, 1, 0.00, 0.00, '2022-06-15 23:19:25');
INSERT INTO `bank_card_details` VALUES (20, 20, 1, 0.00, 0.00, '2022-06-15 23:19:26');
INSERT INTO `bank_card_details` VALUES (21, 21, 1, 0.00, 0.00, '2022-06-15 23:19:26');
INSERT INTO `bank_card_details` VALUES (22, 22, 1, 0.00, 0.00, '2022-06-15 23:19:26');
INSERT INTO `bank_card_details` VALUES (23, 23, 1, 0.00, 0.00, '2022-06-15 23:19:26');
INSERT INTO `bank_card_details` VALUES (24, 24, 1, 0.00, 0.00, '2022-06-15 23:19:26');
INSERT INTO `bank_card_details` VALUES (25, 25, 1, 0.00, 0.00, '2022-06-15 23:19:26');
INSERT INTO `bank_card_details` VALUES (26, 26, 1, 0.00, 0.00, '2022-06-15 23:19:26');
INSERT INTO `bank_card_details` VALUES (27, 27, 1, 0.00, 0.00, '2022-06-15 23:19:26');
INSERT INTO `bank_card_details` VALUES (28, 28, 1, 0.00, 0.00, '2022-06-15 23:19:26');
INSERT INTO `bank_card_details` VALUES (29, 29, 1, 0.00, 0.00, '2022-06-15 23:19:26');
INSERT INTO `bank_card_details` VALUES (30, 30, 1, 0.00, 0.00, '2022-06-15 23:19:26');
INSERT INTO `bank_card_details` VALUES (31, 31, 1, 0.00, 0.00, '2022-06-15 23:19:26');
INSERT INTO `bank_card_details` VALUES (32, 32, 1, 0.00, 0.00, '2022-06-15 23:19:27');
INSERT INTO `bank_card_details` VALUES (33, 33, 1, 0.00, 0.00, '2022-06-15 23:19:27');
INSERT INTO `bank_card_details` VALUES (34, 34, 1, 0.00, 0.00, '2022-06-15 23:19:27');
INSERT INTO `bank_card_details` VALUES (35, 35, 1, 0.00, 0.00, '2022-06-15 23:19:27');
INSERT INTO `bank_card_details` VALUES (36, 36, 1, 0.00, 0.00, '2022-06-15 23:19:27');
INSERT INTO `bank_card_details` VALUES (37, 37, 1, 0.00, 0.00, '2022-06-15 23:19:27');
INSERT INTO `bank_card_details` VALUES (38, 38, 1, 0.00, 0.00, '2022-06-15 23:19:27');
INSERT INTO `bank_card_details` VALUES (39, 39, 1, 0.00, 0.00, '2022-06-15 23:19:27');
INSERT INTO `bank_card_details` VALUES (40, 40, 1, 0.00, 0.00, '2022-06-15 23:19:27');
INSERT INTO `bank_card_details` VALUES (41, 41, 1, 0.00, 0.00, '2022-06-15 23:19:27');
INSERT INTO `bank_card_details` VALUES (42, 42, 1, 0.00, 0.00, '2022-06-15 23:19:27');
INSERT INTO `bank_card_details` VALUES (43, 43, 1, 0.00, 0.00, '2022-06-15 23:19:27');
INSERT INTO `bank_card_details` VALUES (44, 44, 1, 0.00, 0.00, '2022-06-15 23:19:28');
INSERT INTO `bank_card_details` VALUES (45, 45, 1, 0.00, 0.00, '2022-06-15 23:19:28');
INSERT INTO `bank_card_details` VALUES (46, 46, 1, 0.00, 0.00, '2022-06-15 23:19:28');
INSERT INTO `bank_card_details` VALUES (47, 47, 1, 0.00, 0.00, '2022-06-15 23:19:28');
INSERT INTO `bank_card_details` VALUES (48, 48, 1, 0.00, 0.00, '2022-06-15 23:19:28');
INSERT INTO `bank_card_details` VALUES (49, 49, 1, 0.00, 0.00, '2022-06-15 23:19:28');
INSERT INTO `bank_card_details` VALUES (50, 50, 1, 0.00, 0.00, '2022-06-15 23:19:28');
INSERT INTO `bank_card_details` VALUES (51, 51, 1, 100.00, 1000.00, '2022-06-15 23:19:28');
INSERT INTO `bank_card_details` VALUES (52, 52, 1, 0.00, 0.00, '2022-06-15 23:19:28');
INSERT INTO `bank_card_details` VALUES (53, 53, 1, 0.00, 0.00, '2022-06-15 23:19:28');
INSERT INTO `bank_card_details` VALUES (54, 54, 1, 0.00, 0.00, '2022-06-15 23:19:28');
INSERT INTO `bank_card_details` VALUES (55, 55, 1, 0.00, 0.00, '2022-06-15 23:19:28');
INSERT INTO `bank_card_details` VALUES (56, 56, 1, 0.00, 0.00, '2022-06-15 23:19:28');
INSERT INTO `bank_card_details` VALUES (57, 57, 1, 0.00, 0.00, '2022-06-15 23:19:29');
INSERT INTO `bank_card_details` VALUES (58, 58, 1, 0.00, 0.00, '2022-06-15 23:19:29');
INSERT INTO `bank_card_details` VALUES (59, 59, 1, 0.00, 0.00, '2022-06-15 23:19:29');
INSERT INTO `bank_card_details` VALUES (60, 60, 1, 0.00, 0.00, '2022-06-15 23:19:29');
INSERT INTO `bank_card_details` VALUES (61, 61, 1, 0.00, 0.00, '2022-06-15 23:19:29');
INSERT INTO `bank_card_details` VALUES (62, 62, 1, 0.00, 0.00, '2022-06-15 23:19:29');
INSERT INTO `bank_card_details` VALUES (63, 63, 1, 0.00, 0.00, '2022-06-15 23:19:29');
INSERT INTO `bank_card_details` VALUES (64, 64, 1, 0.00, 0.00, '2022-06-15 23:19:29');
INSERT INTO `bank_card_details` VALUES (65, 65, 1, 0.00, 0.00, '2022-06-15 23:19:29');
INSERT INTO `bank_card_details` VALUES (66, 66, 1, 0.00, 0.00, '2022-06-15 23:19:29');
INSERT INTO `bank_card_details` VALUES (67, 67, 1, 0.00, 0.00, '2022-06-15 23:19:29');
INSERT INTO `bank_card_details` VALUES (68, 68, 1, 0.00, 0.00, '2022-06-15 23:19:29');
INSERT INTO `bank_card_details` VALUES (69, 69, 1, 0.00, 0.00, '2022-06-15 23:19:30');
INSERT INTO `bank_card_details` VALUES (70, 70, 1, 0.00, 0.00, '2022-06-15 23:19:30');
INSERT INTO `bank_card_details` VALUES (71, 71, 1, 0.00, 0.00, '2022-06-15 23:19:30');
INSERT INTO `bank_card_details` VALUES (72, 72, 1, 0.00, 0.00, '2022-06-15 23:19:30');
INSERT INTO `bank_card_details` VALUES (73, 73, 1, 0.00, 0.00, '2022-06-15 23:19:30');
INSERT INTO `bank_card_details` VALUES (74, 74, 1, 0.00, 0.00, '2022-06-15 23:19:30');
INSERT INTO `bank_card_details` VALUES (75, 75, 1, 0.00, 0.00, '2022-06-15 23:19:30');
INSERT INTO `bank_card_details` VALUES (76, 76, 1, 0.00, 0.00, '2022-06-15 23:19:30');
INSERT INTO `bank_card_details` VALUES (77, 77, 1, 0.00, 0.00, '2022-06-15 23:19:30');
INSERT INTO `bank_card_details` VALUES (78, 78, 1, 0.00, 0.00, '2022-06-15 23:19:30');
INSERT INTO `bank_card_details` VALUES (79, 79, 1, 0.00, 0.00, '2022-06-15 23:19:30');
INSERT INTO `bank_card_details` VALUES (80, 80, 1, 0.00, 0.00, '2022-06-15 23:19:31');
INSERT INTO `bank_card_details` VALUES (81, 81, 1, 0.00, 0.00, '2022-06-15 23:19:31');
INSERT INTO `bank_card_details` VALUES (82, 82, 1, 0.00, 0.00, '2022-06-15 23:19:31');
INSERT INTO `bank_card_details` VALUES (83, 83, 1, 0.00, 0.00, '2022-06-15 23:19:31');
INSERT INTO `bank_card_details` VALUES (84, 84, 1, 0.00, 0.00, '2022-06-15 23:19:31');
INSERT INTO `bank_card_details` VALUES (85, 85, 1, 0.00, 0.00, '2022-06-15 23:19:31');
INSERT INTO `bank_card_details` VALUES (86, 86, 1, 0.00, 0.00, '2022-06-15 23:19:31');
INSERT INTO `bank_card_details` VALUES (87, 87, 1, 0.00, 0.00, '2022-06-15 23:19:31');
INSERT INTO `bank_card_details` VALUES (88, 88, 1, 0.00, 0.00, '2022-06-15 23:19:31');
INSERT INTO `bank_card_details` VALUES (89, 89, 1, 0.00, 0.00, '2022-06-15 23:19:31');
INSERT INTO `bank_card_details` VALUES (90, 90, 1, 0.00, 0.00, '2022-06-15 23:19:31');
INSERT INTO `bank_card_details` VALUES (91, 91, 1, 0.00, 0.00, '2022-06-15 23:19:31');
INSERT INTO `bank_card_details` VALUES (92, 92, 1, 0.00, 0.00, '2022-06-15 23:19:31');
INSERT INTO `bank_card_details` VALUES (93, 93, 1, 0.00, 0.00, '2022-06-15 23:19:32');
INSERT INTO `bank_card_details` VALUES (94, 94, 1, 0.00, 0.00, '2022-06-15 23:19:32');
INSERT INTO `bank_card_details` VALUES (95, 95, 1, 0.00, 0.00, '2022-06-15 23:19:32');
INSERT INTO `bank_card_details` VALUES (96, 96, 1, 0.00, 0.00, '2022-06-15 23:19:32');
INSERT INTO `bank_card_details` VALUES (97, 97, 1, 0.00, 0.00, '2022-06-15 23:19:32');
INSERT INTO `bank_card_details` VALUES (98, 98, 1, 0.00, 0.00, '2022-06-15 23:19:32');
INSERT INTO `bank_card_details` VALUES (99, 99, 1, 0.00, 0.00, '2022-06-15 23:19:32');
INSERT INTO `bank_card_details` VALUES (100, 100, 1, 0.00, 0.00, '2022-06-15 23:19:32');
INSERT INTO `bank_card_details` VALUES (101, 101, 1, 0.00, 0.00, '2022-06-15 23:19:32');
INSERT INTO `bank_card_details` VALUES (102, 51, 0, 50.00, 950.00, '2022-07-01 13:01:57');
INSERT INTO `bank_card_details` VALUES (103, 51, 0, 100.00, 850.00, '2022-07-01 13:06:35');
INSERT INTO `bank_card_details` VALUES (104, 51, 1, 100.00, 950.00, '2022-07-01 13:10:44');
INSERT INTO `bank_card_details` VALUES (105, 51, 1, 50.00, 1000.00, '2022-07-01 13:11:59');
INSERT INTO `bank_card_details` VALUES (106, 51, 0, 300.00, 700.00, '2022-07-01 13:13:12');
INSERT INTO `bank_card_details` VALUES (107, 51, 1, 200.00, 900.00, '2022-07-01 13:14:16');
INSERT INTO `bank_card_details` VALUES (108, 51, 1, 100.00, 1000.00, '2022-07-01 13:15:39');

-- ----------------------------
-- Table structure for bank_user
-- ----------------------------
DROP TABLE IF EXISTS `bank_user`;
CREATE TABLE `bank_user`  (
  `ID` bigint(20) NOT NULL AUTO_INCREMENT COMMENT '主键',
  `FULLNAME` varchar(50) CHARACTER SET utf8 COLLATE utf8_general_ci NOT NULL COMMENT '真实姓名',
  `ID_NUMBER` varchar(50) CHARACTER SET utf8 COLLATE utf8_general_ci NULL DEFAULT NULL COMMENT '身份证号',
  `MOBILE` varchar(50) CHARACTER SET utf8 COLLATE utf8_general_ci NULL DEFAULT NULL COMMENT '银行预留手机号',
  `USER_TYPE` tinyint(4) NULL DEFAULT NULL COMMENT '用户类型,个人1or企业0, 预留',
  PRIMARY KEY (`ID`) USING BTREE
) ENGINE = InnoDB AUTO_INCREMENT = 102 CHARACTER SET = utf8 COLLATE = utf8_general_ci COMMENT = '银行用户信息表' ROW_FORMAT = Dynamic;

-- ----------------------------
-- Records of bank_user
-- ----------------------------
INSERT INTO `bank_user` VALUES (1, 'test', '301001', '15277000557', NULL);
INSERT INTO `bank_user` VALUES (2, '魏悼', '366345198810313088', '17883303063', 1);
INSERT INTO `bank_user` VALUES (3, '沈苫疽', '463770198207206703', '13664546362', 1);
INSERT INTO `bank_user` VALUES (4, '何箱砍', '912147197906289971', '13933145129', 1);
INSERT INTO `bank_user` VALUES (5, '丁沽守', '445759199711243276', '15102659374', 1);
INSERT INTO `bank_user` VALUES (6, '洪巢类', '115461199002140783', '17836273042', 1);
INSERT INTO `bank_user` VALUES (7, '陆丑', '315875199601152484', '15849685971', 1);
INSERT INTO `bank_user` VALUES (8, '邓此', '150942199001134964', '18395539594', 1);
INSERT INTO `bank_user` VALUES (9, '邓储置', '238467199406213959', '18349304232', 1);
INSERT INTO `bank_user` VALUES (10, '谭桨', '533653199711103413', '14567654415', 1);
INSERT INTO `bank_user` VALUES (11, '郑柑', '425206199006051697', '17829905415', 1);
INSERT INTO `bank_user` VALUES (12, '施猴', '340193199803233763', '14783701101', 1);
INSERT INTO `bank_user` VALUES (13, '雷州蛙', '323797199508153725', '15334676407', 1);
INSERT INTO `bank_user` VALUES (14, '欧阳稿驾', '426698198408249044', '14721789905', 1);
INSERT INTO `bank_user` VALUES (15, '吴谎兑', '137177197701285341', '15362178545', 1);
INSERT INTO `bank_user` VALUES (16, '郭卸', '138707198208160093', '18485219528', 1);
INSERT INTO `bank_user` VALUES (17, '慕容筷', '811054199404066455', '18294818912', 1);
INSERT INTO `bank_user` VALUES (18, '朱骸', '35991419730321889X', '15797345802', 1);
INSERT INTO `bank_user` VALUES (19, '潘甘甸', '912042197009186414', '18034798901', 1);
INSERT INTO `bank_user` VALUES (20, '王回埔', '33264319790315889X', '15740851497', 1);
INSERT INTO `bank_user` VALUES (21, '陈谓篙', '317766199001176837', '13935778055', 1);
INSERT INTO `bank_user` VALUES (22, '沈舜衰', '345681198901095327', '15099093946', 1);
INSERT INTO `bank_user` VALUES (23, '苏衍蔚', '521385198812221642', '13986842331', 1);
INSERT INTO `bank_user` VALUES (24, '轩辕襄', '546779198911156690', '18651489511', 1);
INSERT INTO `bank_user` VALUES (25, '张菜', '64027819800811929X', '15391578459', 1);
INSERT INTO `bank_user` VALUES (26, '邱征', '433562197412010776', '13138378540', 1);
INSERT INTO `bank_user` VALUES (27, '吴匠屑', '329713198909180365', '13677895875', 1);
INSERT INTO `bank_user` VALUES (28, '孙曲', '812417197302144303', '18091082352', 1);
INSERT INTO `bank_user` VALUES (29, '魏斯腿', '464480197008186984', '13318016986', 1);
INSERT INTO `bank_user` VALUES (30, '史脚醛', '718926197806085699', '18105828242', 1);
INSERT INTO `bank_user` VALUES (31, '程丰欣', '226162197810089960', '13680107449', 1);
INSERT INTO `bank_user` VALUES (32, '林恨寥', '468219199709164657', '15603054774', 1);
INSERT INTO `bank_user` VALUES (33, '吕热毖', '524961197909292754', '18768567797', 1);
INSERT INTO `bank_user` VALUES (34, '黄此', '132995197209164902', '15527018185', 1);
INSERT INTO `bank_user` VALUES (35, '秦行', '651565199012058540', '15051814487', 1);
INSERT INTO `bank_user` VALUES (36, '孟畴历', '533079197909236264', '15976393319', 1);
INSERT INTO `bank_user` VALUES (37, '韩蒜磅', '52370619890323376X', '18775197117', 1);
INSERT INTO `bank_user` VALUES (38, '欧阳快', '632885198709143934', '18952960371', 1);
INSERT INTO `bank_user` VALUES (39, '邵蔚晰', '539598199003265895', '13452211263', 1);
INSERT INTO `bank_user` VALUES (40, '廖戴械', '447837198305168076', '13072632092', 1);
INSERT INTO `bank_user` VALUES (41, '沈腆', '421617199411305395', '18490536161', 1);
INSERT INTO `bank_user` VALUES (42, '龙洋湘', '649998199008276654', '18148625552', 1);
INSERT INTO `bank_user` VALUES (43, '韩际绚', '159040198610112199', '13391251921', 1);
INSERT INTO `bank_user` VALUES (44, '鲜于难', '51785919770625556X', '13299928051', 1);
INSERT INTO `bank_user` VALUES (45, '公孙选拣', '31423119980712127X', '17835240659', 1);
INSERT INTO `bank_user` VALUES (46, '阎绣', '134386198612229806', '13949556759', 1);
INSERT INTO `bank_user` VALUES (47, '贺滩', '504794197105076768', '15016739227', 1);
INSERT INTO `bank_user` VALUES (48, '傅虫', '460419199201151138', '15748813882', 1);
INSERT INTO `bank_user` VALUES (49, '丁茵挞', '463763197207203993', '15508639188', 1);
INSERT INTO `bank_user` VALUES (50, '段澈', '34485419720215286X', '18636623051', 1);
INSERT INTO `bank_user` VALUES (51, '宇文伟噎', '441625199710148725', '17095913166', 1);
INSERT INTO `bank_user` VALUES (52, '欧阳货', '617929198809167402', '13947278290', 1);
INSERT INTO `bank_user` VALUES (53, '蔡禹', '134589197607074649', '13747324628', 1);
INSERT INTO `bank_user` VALUES (54, '慕容昧悲', '501670197107090206', '18455379255', 1);
INSERT INTO `bank_user` VALUES (55, '许煌象', '643991198503219812', '18032679772', 1);
INSERT INTO `bank_user` VALUES (56, '孔麦', '377322198304219281', '18121426880', 1);
INSERT INTO `bank_user` VALUES (57, '钟鞍贴', '139534200001236539', '18622934111', 1);
INSERT INTO `bank_user` VALUES (58, '武湃纺', '527856199511111795', '14553192783', 1);
INSERT INTO `bank_user` VALUES (59, '董红慷', '519744197405193969', '13634521656', 1);
INSERT INTO `bank_user` VALUES (60, '闾丘潭扛', '510541199306071158', '13098567013', 1);
INSERT INTO `bank_user` VALUES (61, '杨散', '918933197802151071', '15780028587', 1);
INSERT INTO `bank_user` VALUES (62, '钟汲', '658294197201191677', '15108354238', 1);
INSERT INTO `bank_user` VALUES (63, '尹赫期', '622801199012143876', '15261778095', 1);
INSERT INTO `bank_user` VALUES (64, '刘烧', '111984197009019838', '18612141651', 1);
INSERT INTO `bank_user` VALUES (65, '叶矽', '37410519780930150X', '15214859976', 1);
INSERT INTO `bank_user` VALUES (66, '丁极', '824691198609287563', '18401855428', 1);
INSERT INTO `bank_user` VALUES (67, '沈勘', '419557199308300036', '14725479659', 1);
INSERT INTO `bank_user` VALUES (68, '许士', '54817019951128370X', '17815033796', 1);
INSERT INTO `bank_user` VALUES (69, '公孙养泪', '651114197606258223', '15941913832', 1);
INSERT INTO `bank_user` VALUES (70, '高尽', '353861197405175900', '13599104450', 1);
INSERT INTO `bank_user` VALUES (71, '史赫蛔', '461332199801154793', '15704578190', 1);
INSERT INTO `bank_user` VALUES (72, '廖蒋', '545654198610185072', '13200198576', 1);
INSERT INTO `bank_user` VALUES (73, '唐佩敖', '159378198101244623', '18933226546', 1);
INSERT INTO `bank_user` VALUES (74, '邵慧', '218685199009246482', '13764121964', 1);
INSERT INTO `bank_user` VALUES (75, '左丘岗', '449571197507203021', '15175588605', 1);
INSERT INTO `bank_user` VALUES (76, '范辆澳', '623310198711122623', '15853677363', 1);
INSERT INTO `bank_user` VALUES (77, '韩棉', '149283199907055109', '18900137385', 1);
INSERT INTO `bank_user` VALUES (78, '闾丘衷詹', '827381197906272164', '18476094187', 1);
INSERT INTO `bank_user` VALUES (79, '独孤程', '145440198906276615', '18949351196', 1);
INSERT INTO `bank_user` VALUES (80, '薛廖篓', '710639198909129474', '14557116655', 1);
INSERT INTO `bank_user` VALUES (81, '王睹祁', '656407197906278899', '15975898183', 1);
INSERT INTO `bank_user` VALUES (82, '西门贵', '449891198103023194', '13078788469', 1);
INSERT INTO `bank_user` VALUES (83, '秦湛由', '334488197510027374', '18067645555', 1);
INSERT INTO `bank_user` VALUES (84, '宇文旨', '441876198208137701', '13965991894', 1);
INSERT INTO `bank_user` VALUES (85, '黄齿', '543044198810081801', '15380815038', 1);
INSERT INTO `bank_user` VALUES (86, '丁湾', '50310419740702376X', '17765786195', 1);
INSERT INTO `bank_user` VALUES (87, '田晒怔', '546058199603169558', '18616630920', 1);
INSERT INTO `bank_user` VALUES (88, '皇甫汀', '613282197710275097', '17729697798', 1);
INSERT INTO `bank_user` VALUES (89, '田云', '812847199505093525', '18570525738', 1);
INSERT INTO `bank_user` VALUES (90, '郭霄慈', '448233198301222381', '15245290175', 1);
INSERT INTO `bank_user` VALUES (91, '侯哉', '342884198807308004', '13050512113', 1);
INSERT INTO `bank_user` VALUES (92, '慕容福傲', '621257197602105692', '15973687503', 1);
INSERT INTO `bank_user` VALUES (93, '令狐幼', '826014197108278046', '13143457283', 1);
INSERT INTO `bank_user` VALUES (94, '轩辕的气', '230714199810022122', '13063601584', 1);
INSERT INTO `bank_user` VALUES (95, '刘滨贫', '138342197302287341', '13507966554', 1);
INSERT INTO `bank_user` VALUES (96, '崔肾甩', '111507199511099778', '15151172562', 1);
INSERT INTO `bank_user` VALUES (97, '唐尾', '524889198503081186', '13388318139', 1);
INSERT INTO `bank_user` VALUES (98, '姚叫', '132821199801260855', '15519879879', 1);
INSERT INTO `bank_user` VALUES (99, '鲜于仑', '524660198109172967', '18803103788', 1);
INSERT INTO `bank_user` VALUES (100, '杜遮', '14512419800516883X', '14747619391', 1);
INSERT INTO `bank_user` VALUES (101, '汪申', '443928197102039590', '18846080494', 1);

-- ----------------------------
-- Table structure for claim
-- ----------------------------
DROP TABLE IF EXISTS `claim`;
CREATE TABLE `claim`  (
  `ID` bigint(20) NOT NULL COMMENT '主键',
  `PROJECT_ID` bigint(20) NULL DEFAULT NULL COMMENT '标的标识',
  `PROJECT_NO` varchar(50) CHARACTER SET utf8 COLLATE utf8_general_ci NULL DEFAULT NULL COMMENT '标的编码',
  `CONSUMER_ID` bigint(20) NOT NULL COMMENT '发标人用户标识(冗余)',
  `SOURCE_TENDER_ID` bigint(20) NOT NULL COMMENT '投标信息标识(转让来源)',
  `ROOT_PROJECT_ID` bigint(20) NULL DEFAULT NULL COMMENT '原始标的标识(冗余)',
  `ROOT_PROJECT_NO` varchar(50) CHARACTER SET utf8 COLLATE utf8_general_ci NULL DEFAULT NULL COMMENT '原始标的编码(冗余)',
  `ASSIGNMENT_REQUEST_NO` varchar(50) CHARACTER SET utf8 COLLATE utf8_general_ci NULL DEFAULT NULL COMMENT '债权转让 请求流水号',
  PRIMARY KEY (`ID`) USING BTREE,
  INDEX `FK_Reference_17`(`PROJECT_ID`) USING BTREE
) ENGINE = InnoDB CHARACTER SET = utf8 COLLATE = utf8_general_ci COMMENT = '债权转让标的附加信息' ROW_FORMAT = Dynamic;

-- ----------------------------
-- Records of claim
-- ----------------------------

-- ----------------------------
-- Table structure for depository_bank_card
-- ----------------------------
DROP TABLE IF EXISTS `depository_bank_card`;
CREATE TABLE `depository_bank_card`  (
  `ID` bigint(20) NOT NULL AUTO_INCREMENT COMMENT '主键',
  `USER_ID` bigint(20) NULL DEFAULT NULL COMMENT '用户标识',
  `BANK_CODE` varchar(50) CHARACTER SET utf8 COLLATE utf8_general_ci NOT NULL COMMENT '银行编码',
  `BANK_NAME` varchar(50) CHARACTER SET utf8 COLLATE utf8_general_ci NULL DEFAULT NULL COMMENT '银行名称',
  `CARD_NUMBER` varchar(50) CHARACTER SET utf8 COLLATE utf8_general_ci NULL DEFAULT NULL COMMENT '银行卡号',
  `MOBILE` varchar(50) CHARACTER SET utf8 COLLATE utf8_general_ci NULL DEFAULT NULL COMMENT '银行预留手机号',
  `APP_CODE` varchar(50) CHARACTER SET utf8 COLLATE utf8_general_ci NULL DEFAULT NULL COMMENT '应用编码',
  `REQUEST_NO` varchar(50) CHARACTER SET utf8 COLLATE utf8_general_ci NULL DEFAULT NULL COMMENT '请求流水号',
  `RESPONSE_DATA` text CHARACTER SET utf8 COLLATE utf8_general_ci NULL COMMENT '处理结果',
  PRIMARY KEY (`ID`) USING BTREE
) ENGINE = InnoDB AUTO_INCREMENT = 12 CHARACTER SET = utf8 COLLATE = utf8_general_ci COMMENT = '存管用户绑定银行卡信息' ROW_FORMAT = Dynamic;

-- ----------------------------
-- Records of depository_bank_card
-- ----------------------------
INSERT INTO `depository_bank_card` VALUES (1, 1, 'CITIC', '中信银行', '6226908456025476', '18278539575', 'wanxinp2p', 'REQ_6773B90618DE450A97CC67B50BC72E3E', NULL);
INSERT INTO `depository_bank_card` VALUES (4, 4, 'HXB', '华夏银行', '6226374064116779', '18278539575', 'wanxinp2p', 'REQ_8258BA650BBF4362B6541A7717BFF8B7', NULL);
INSERT INTO `depository_bank_card` VALUES (5, 5, 'BOC', '中国银行', '6227522042261302', '18278539577', 'wanxinp2p', 'REQ_DE5B158DC59D4AF689E0FC96FBE8FAA1', NULL);
INSERT INTO `depository_bank_card` VALUES (6, 6, 'BCOM', '交通银行', '6222601882590510', '18278539578', 'wanxinp2p', 'REQ_B30EE96C20D246F098A731CC6F0B42B6', NULL);
INSERT INTO `depository_bank_card` VALUES (7, 7, 'PAB', '平安银行', '6221550724496322', '18278539579', 'wanxinp2p', 'REQ_AF266FA7EC634C29BB2E74C79F5EE1C7', NULL);
INSERT INTO `depository_bank_card` VALUES (9, 9, 'CCB', '中国建设银行', '6222807701917624', '18278539574', 'wanxinp2p', 'REQ_C09DBACE9E264E9BBEA354C40144D7D5', NULL);
INSERT INTO `depository_bank_card` VALUES (10, 10, 'ICBC', '中国工商银行', '6222109481381299', '15278538571', 'wanxinp2p', 'REQ_576F7D59CCE9491BA63697F5379D3A8E', NULL);
INSERT INTO `depository_bank_card` VALUES (11, 11, 'BOC', '中国银行', '6227529891138879', '15278538572', 'wanxinp2p', 'REQ_B14AA15CA1704B7382B46982E3B28E6E', NULL);
INSERT INTO `depository_bank_card` VALUES (12, 12, 'CMBC', '中国民生银行', '6226009771866718', '15278538573', 'wanxinp2p', 'REQ_4D4F8427236544F0ADD477CF71839CAC', NULL);

-- ----------------------------
-- Table structure for project
-- ----------------------------
DROP TABLE IF EXISTS `project`;
CREATE TABLE `project`  (
  `ID` bigint(20) NOT NULL COMMENT '主键',
  `USER_NO` varchar(50) CHARACTER SET utf8 COLLATE utf8_general_ci NULL DEFAULT NULL COMMENT '发标人用户编码',
  `PROJECT_NO` varchar(50) CHARACTER SET utf8 COLLATE utf8_general_ci NULL DEFAULT NULL COMMENT '标的编码',
  `NAME` varchar(50) CHARACTER SET utf8 COLLATE utf8_general_ci NULL DEFAULT NULL COMMENT '标的名称',
  `DESCRIPTION` longtext CHARACTER SET utf8 COLLATE utf8_general_ci NULL COMMENT '标的描述',
  `TYPE` varchar(50) CHARACTER SET utf8 COLLATE utf8_general_ci NULL DEFAULT NULL COMMENT '标的类型',
  `PERIOD` int(11) NULL DEFAULT NULL COMMENT '标的期限(单位:天)',
  `BORROWER_ANNUAL_RATE` decimal(10, 2) NULL DEFAULT NULL COMMENT '年化利率(借款人视图)',
  `REPAYMENT_WAY` varchar(50) CHARACTER SET utf8 COLLATE utf8_general_ci NULL DEFAULT NULL COMMENT '还款方式',
  `AMOUNT` decimal(10, 2) NULL DEFAULT NULL COMMENT '募集金额',
  `PROJECT_STATUS` varchar(50) CHARACTER SET utf8 COLLATE utf8_general_ci NULL DEFAULT NULL COMMENT '标的状态',
  `CREATE_DATE` datetime NULL DEFAULT NULL COMMENT '创建时间',
  `MODIFY_DATE` datetime NULL DEFAULT NULL COMMENT '修改时间',
  `IS_ASSIGNMENT` tinyint(4) NULL DEFAULT NULL COMMENT '是否是债权出让标',
  `REQUEST_NO` varchar(50) CHARACTER SET utf8 COLLATE utf8_general_ci NULL DEFAULT NULL COMMENT '请求流水号',
  PRIMARY KEY (`ID`) USING BTREE
) ENGINE = InnoDB CHARACTER SET = utf8 COLLATE = utf8_general_ci COMMENT = '标的信息表' ROW_FORMAT = Dynamic;

-- ----------------------------
-- Records of project
-- ----------------------------
INSERT INTO `project` VALUES (1539811931622281217, 'USR_B332B47F3DB24D60950BB2240146A4C1', 'PRO_5740066EEDEE4721B23D3970A247636E', '沈苫疽女士第5次借款', '个人生活消费', 'NEW', 360, 0.15, 'FIXED_REPAYMENT', 20000.00, 'COLLECTING', '2022-06-23 11:25:47', NULL, 0, 'REQ_3A953485914C48D8895671EF18DBFA15');
INSERT INTO `project` VALUES (1539833736378519553, 'USR_B332B47F3DB24D60950BB2240146A4C1', 'PRO_5740066EEDEE4721B23D3970A247636E', '沈苫疽女士第5次借款', '个人生活消费', 'NEW', 360, 0.15, 'FIXED_REPAYMENT', 20000.00, 'COLLECTING', '2022-06-23 12:52:26', NULL, 0, 'REQ_21309BBCEBDC4B69A9A2DEDF98CD6FF9');
INSERT INTO `project` VALUES (1539834002939121665, 'USR_B332B47F3DB24D60950BB2240146A4C1', 'PRO_5740066EEDEE4721B23D3970A247636E', '沈苫疽女士第5次借款', '个人生活消费', 'NEW', 360, 0.15, 'FIXED_REPAYMENT', 20000.00, 'COLLECTING', '2022-06-23 12:53:30', NULL, 0, 'REQ_A205849C03CC450C8BD72F4B62203BFD');
INSERT INTO `project` VALUES (1539834473347092482, 'USR_B332B47F3DB24D60950BB2240146A4C1', 'PRO_5740066EEDEE4721B23D3970A247636E', '沈苫疽女士第5次借款', '个人生活消费', 'NEW', 360, 0.15, 'FIXED_REPAYMENT', 20000.00, 'COLLECTING', '2022-06-23 12:55:22', NULL, 0, 'REQ_072716433C91490A861DE13203C3BFA5');
INSERT INTO `project` VALUES (1539836704993644546, 'USR_B332B47F3DB24D60950BB2240146A4C1', 'PRO_5740066EEDEE4721B23D3970A247636E', '沈苫疽女士第5次借款', '个人生活消费', 'NEW', 360, 0.15, 'FIXED_REPAYMENT', 20000.00, 'COLLECTING', '2022-06-23 13:04:14', NULL, 0, 'REQ_63CFD7A356A64F0C8DF0764C3DA349FF');
INSERT INTO `project` VALUES (1539837153696092162, 'USR_B332B47F3DB24D60950BB2240146A4C1', 'PRO_60BDB6D3095F4AAE97D4F0EF61512C57', '沈苫疽女士第4次借款', '个人生活消费', 'NEW', 360, 0.15, 'FIXED_REPAYMENT', 20000.00, 'COLLECTING', '2022-06-23 13:06:01', NULL, 0, 'REQ_B8FE79C8CBB64F608DA16F99B604D763');
INSERT INTO `project` VALUES (1539837433259036674, 'USR_B332B47F3DB24D60950BB2240146A4C1', 'PRO_6C18DB9F101C4DFB8F42885FD1336271', '沈苫疽女士第3次借款', '个人生活消费', 'NEW', 360, 0.15, 'FIXED_REPAYMENT', 20000.00, 'COLLECTING', '2022-06-23 13:07:08', NULL, 0, 'REQ_8143C021F9F34D3CBD453E6C6EA17C05');
INSERT INTO `project` VALUES (1539837563236323329, 'USR_B332B47F3DB24D60950BB2240146A4C1', 'PRO_9E52923D89CC4926ADC1618152B32E60', '沈苫疽女士第2次借款', '个人生活消费', 'NEW', 360, 0.15, 'FIXED_REPAYMENT', 20000.00, 'COLLECTING', '2022-06-23 13:07:39', NULL, 0, 'REQ_4F28F0BA6E8F4D08B077BFA14DE606C4');
INSERT INTO `project` VALUES (1539875832162488321, 'USR_2EF5D0F70E0D4626869C2825B8296A7E', 'PRO_702F480B28924C8190715E2F0EA461CD', '施猴女士第4次借款', '个人生活消费', 'NEW', 360, 0.15, 'FIXED_REPAYMENT', 20000.00, 'COLLECTING', '2022-06-23 15:39:43', NULL, 0, 'REQ_421AE00E047144E8AADE2821BE2E257B');
INSERT INTO `project` VALUES (1539883240876216322, 'USR_2EF5D0F70E0D4626869C2825B8296A7E', 'PRO_C07FB88D234D42AA9361AE42CDB53B6A', '施猴女士第3次借款', '个人生活消费', 'NEW', 360, 0.15, 'FIXED_REPAYMENT', 20000.00, 'COLLECTING', '2022-06-23 16:09:09', NULL, 0, 'REQ_ED42339DA4B2462E841BF6B0C86EE9CB');
INSERT INTO `project` VALUES (1539883395780251650, 'USR_2EF5D0F70E0D4626869C2825B8296A7E', 'PRO_0533276D26E3407B83EA172888B8EDFA', '施猴女士第2次借款', '个人生活消费', 'NEW', 360, 0.15, 'FIXED_REPAYMENT', 2000.00, 'COLLECTING', '2022-06-23 16:09:46', NULL, 0, 'REQ_15C51AC01498406CA7D3160B97CF8417');
INSERT INTO `project` VALUES (1539885061615194114, 'USR_2EF5D0F70E0D4626869C2825B8296A7E', 'PRO_1372E83869034FFC9E137045A5D2BB21', '施猴女士第1次借款', '个人生活消费', 'NEW', 360, 0.15, 'FIXED_REPAYMENT', 2000.00, 'COLLECTING', '2022-06-23 16:16:23', NULL, 0, 'REQ_A3ABD2D24C744D8CA2089EDA8143EDFA');
INSERT INTO `project` VALUES (1539887018530639873, 'USR_B332B47F3DB24D60950BB2240146A4C1', 'PRO_8D8D97FE9F6A41768FF76356C987FF97', '沈苫疽女士第1次借款', '个人生活消费', 'NEW', 360, 0.15, 'FIXED_REPAYMENT', 20000.00, 'COLLECTING', '2022-06-23 16:24:10', NULL, 0, 'REQ_FA09326D59DB4A20AE5FB5264CF8567C');
INSERT INTO `project` VALUES (1539887018933293057, 'USR_B332B47F3DB24D60950BB2240146A4C1', 'PRO_8D8D97FE9F6A41768FF76356C987FF97', '沈苫疽女士第1次借款', '个人生活消费', 'NEW', 360, 0.15, 'FIXED_REPAYMENT', 20000.00, 'COLLECTING', '2022-06-23 16:24:10', NULL, 0, 'REQ_FA09326D59DB4A20AE5FB5264CF8567C');
INSERT INTO `project` VALUES (1541687289401339906, 'USR_14D9D9D84128483F8FF0C9D0F7A1616B', 'PRO_F7E6A8EE636D473EAF0B514C60CFFEAE', '宇文伟噎女士第1次借款', '个人生活消费', 'NEW', 360, 0.15, 'FIXED_REPAYMENT', 5000.00, 'COLLECTING', '2022-06-28 15:37:48', NULL, 0, 'REQ_78DAC9E2DEF34A1891C4F56DE84314EB');
INSERT INTO `project` VALUES (1541986813340553217, 'USR_14D9D9D84128483F8FF0C9D0F7A1616B', 'PRO_C82A6B51FCBE4B3CB3EAA7467BBB949E', '宇文伟噎女士第2次借款', '个人生活消费', 'NEW', 360, 0.00, 'FIXED_REPAYMENT', 8000.00, 'COLLECTING', '2022-06-29 11:28:00', NULL, 0, 'REQ_8CD6F9836C0C4144AE6CB4349C4F0F33');
INSERT INTO `project` VALUES (1541992059764740097, 'USR_14D9D9D84128483F8FF0C9D0F7A1616B', 'PRO_BE0F6E73FF5E43CA8E0D4694B3433BB8', '宇文伟噎女士第3次借款', '个人生活消费', 'NEW', 360, 0.05, 'FIXED_REPAYMENT', 8000.00, 'COLLECTING', '2022-06-29 11:48:51', NULL, 0, 'REQ_33546F3BB72E4FD39C6A02F5D8B52D22');
INSERT INTO `project` VALUES (1543163985073831937, 'USR_14D9D9D84128483F8FF0C9D0F7A1616B', 'PRO_E45D9AE258E0469C9783DD45E0E59A38', '宇文伟噎女士第4次借款', '个人生活消费', 'NEW', 360, 0.05, 'FIXED_REPAYMENT', 3000.00, 'COLLECTING', '2022-07-02 17:25:39', NULL, 0, 'REQ_24387481D12B4010B2CDC501A10E2360');
INSERT INTO `project` VALUES (1543164992335937537, 'USR_14D9D9D84128483F8FF0C9D0F7A1616B', 'PRO_2FA7A9AF9EF84997BEA68B767A0E9F7F', '宇文伟噎女士第5次借款', '个人生活消费', 'NEW', 360, 0.05, 'FIXED_REPAYMENT', 3000.00, 'COLLECTING', '2022-07-02 17:29:39', NULL, 0, 'REQ_DC4C580F1B3640BEB6FF8E2D95712A26');
INSERT INTO `project` VALUES (1543165436080717825, 'USR_14D9D9D84128483F8FF0C9D0F7A1616B', 'PRO_16FB6C7AE54649FC85D22CEB4D1EC2D6', '宇文伟噎女士第6次借款', '个人生活消费', 'NEW', 360, 0.05, 'FIXED_REPAYMENT', 2000.00, 'COLLECTING', '2022-07-02 17:31:25', NULL, 0, 'REQ_5792E40F0C83413C9033C10E726C8D74');
INSERT INTO `project` VALUES (1543165507438411778, 'USR_14D9D9D84128483F8FF0C9D0F7A1616B', 'PRO_6652A9285C2D47B59AF97AA05B995142', '宇文伟噎女士第7次借款', '个人生活消费', 'NEW', 360, 0.05, 'FIXED_REPAYMENT', 4000.00, 'COLLECTING', '2022-07-02 17:31:42', NULL, 0, 'REQ_95BE3078708A4B42B642B6025519C987');
INSERT INTO `project` VALUES (1543165611843026945, 'USR_14D9D9D84128483F8FF0C9D0F7A1616B', 'PRO_27DE2AE0B1314CA18EDD050871AAFAA3', '宇文伟噎女士第8次借款', '个人生活消费', 'NEW', 360, 0.05, 'FIXED_REPAYMENT', 9000.00, 'COLLECTING', '2022-07-02 17:32:07', NULL, 0, 'REQ_3CFE98E15D6B4D2B889FFDB25FBF1EE4');

-- ----------------------------
-- Table structure for recharge_details
-- ----------------------------
DROP TABLE IF EXISTS `recharge_details`;
CREATE TABLE `recharge_details`  (
  `ID` bigint(20) NOT NULL AUTO_INCREMENT COMMENT '主键',
  `REQUEST_NO` varchar(50) CHARACTER SET utf8 COLLATE utf8_general_ci NULL DEFAULT NULL COMMENT '请求流水号',
  `USER_NO` varchar(50) CHARACTER SET utf8 COLLATE utf8_general_ci NULL DEFAULT NULL COMMENT '用户编码,生成唯一,用户在存管系统标识',
  `AMOUNT` decimal(10, 2) NULL DEFAULT NULL COMMENT '金额',
  `CREATE_DATE` datetime NULL DEFAULT NULL COMMENT '触发时间',
  `STATUS` tinyint(4) NULL DEFAULT NULL COMMENT '执行结果',
  `FINISH_DATE` datetime NULL DEFAULT NULL COMMENT '执行返回时间',
  `APP_CODE` varchar(50) CHARACTER SET utf8 COLLATE utf8_general_ci NULL DEFAULT NULL COMMENT '应用编码',
  PRIMARY KEY (`ID`) USING BTREE
) ENGINE = InnoDB AUTO_INCREMENT = 4 CHARACTER SET = utf8 COLLATE = utf8_general_ci COMMENT = '充值记录表' ROW_FORMAT = Dynamic;

-- ----------------------------
-- Records of recharge_details
-- ----------------------------
INSERT INTO `recharge_details` VALUES (1, 'REQ_C6D80A3CFD0E44059AE49E253FA2B47C', 'USR_14D9D9D84128483F8FF0C9D0F7A1616B', 50.00, '2022-07-01 13:01:57', 1, '2022-07-01 13:01:57', 'wanxinp2p');
INSERT INTO `recharge_details` VALUES (2, 'REQ_8C3996E998D146E0BFB78829FFE8BED9', 'USR_14D9D9D84128483F8FF0C9D0F7A1616B', 100.00, '2022-07-01 13:06:34', 1, '2022-07-01 13:06:35', 'wanxinp2p');
INSERT INTO `recharge_details` VALUES (3, 'REQ_2D9509B82DF74D42ABAA203BDEEA28EA', 'USR_14D9D9D84128483F8FF0C9D0F7A1616B', 1000.00, '2022-07-01 13:07:07', 2, '2022-07-01 13:07:07', 'wanxinp2p');
INSERT INTO `recharge_details` VALUES (4, 'REQ_7DE1A3CAAA2B4E3399831EAE1778DC41', 'USR_14D9D9D84128483F8FF0C9D0F7A1616B', 300.00, '2022-07-01 13:13:12', 1, '2022-07-01 13:13:12', 'wanxinp2p');

-- ----------------------------
-- Table structure for request_details
-- ----------------------------
DROP TABLE IF EXISTS `request_details`;
CREATE TABLE `request_details`  (
  `ID` bigint(20) NOT NULL AUTO_INCREMENT,
  `APP_CODE` varchar(50) CHARACTER SET utf8 COLLATE utf8_general_ci NULL DEFAULT NULL COMMENT '应用编码',
  `REQUEST_NO` varchar(50) CHARACTER SET utf8 COLLATE utf8_general_ci NULL DEFAULT NULL,
  `SERVICE_NAME` varchar(50) CHARACTER SET utf8 COLLATE utf8_general_ci NULL DEFAULT NULL COMMENT '请求类型:1.用户信息, 2.绑卡信息',
  `REQUEST_DATA` text CHARACTER SET utf8 COLLATE utf8_general_ci NULL,
  `RESPONSE_DATA` text CHARACTER SET utf8 COLLATE utf8_general_ci NULL,
  `STATUS` tinyint(4) NULL DEFAULT NULL COMMENT '执行结果',
  `CREATE_DATE` datetime NULL DEFAULT NULL COMMENT '请求时间',
  `FINISH_DATE` datetime NULL DEFAULT NULL COMMENT '执行返回时间',
  PRIMARY KEY (`ID`) USING BTREE
) ENGINE = InnoDB AUTO_INCREMENT = 93 CHARACTER SET = utf8 COLLATE = utf8_general_ci COMMENT = '存管系统请求信息表' ROW_FORMAT = Dynamic;

-- ----------------------------
-- Records of request_details
-- ----------------------------
INSERT INTO `request_details` VALUES (2, 'wanxinp2p', 'REQ_5A6C194427E045C3A593EB247EA501BC', 'PERSONAL_REGISTER', '{\"callbackUrl\":\"http://192.168.31.106:8081/#/pages/common/success?st=1\",\"cardNumber\":\"6222807701917624\",\"fullname\":\"施猴\",\"id\":11,\"idNumber\":\"340193199803233763\",\"mobile\":\"18278539574\",\"requestNo\":\"REQ_5A6C194427E045C3A593EB247EA501BC\",\"role\":\"I\",\"userNo\":\"USR_2EF5D0F70E0D4626869C2825B8296A7E\"}', NULL, 0, '2022-06-15 23:40:14', NULL);
INSERT INTO `request_details` VALUES (3, 'wanxinp2p', 'REQ_6773B90618DE450A97CC67B50BC72E3E', 'PERSONAL_REGISTER', '{\"callbackUrl\":\"http://192.168.31.106:8081/#/pages/common/success?st=1\",\"cardNumber\":\"6226908456025476\",\"fullname\":\"慕容筷\",\"id\":9,\"idNumber\":\"811054199404066455\",\"mobile\":\"18278539575\",\"requestNo\":\"REQ_6773B90618DE450A97CC67B50BC72E3E\",\"role\":\"I\",\"userNo\":\"USR_D53484354B2E405FA57B1F532934D011\"}', '{\"auditStatus\":\"PASSED\",\"bankCode\":\"CITIC\",\"bankName\":\"中信银行\",\"requestNo\":\"REQ_6773B90618DE450A97CC67B50BC72E3E\",\"respCode\":\"00000\",\"respMsg\":\"成功\",\"status\":1}', 1, '2022-06-16 00:42:33', '2022-06-16 00:44:13');
INSERT INTO `request_details` VALUES (5, 'wanxinp2p', 'REQ_DD72400022BA4F6F94F8B85C223E6624', 'PERSONAL_REGISTER', '{\"callbackUrl\":\"http://192.168.31.106:8081/#/pages/common/success?st=1\",\"cardNumber\":\"6226374064116779\",\"fullname\":\"魏悼\",\"id\":9,\"idNumber\":\"366345198810313088\",\"mobile\":\"18278539575\",\"requestNo\":\"REQ_DD72400022BA4F6F94F8B85C223E6624\",\"role\":\"I\",\"userNo\":\"USR_96FADB5F947C4B2292B2080F74EA6954\"}', NULL, 0, '2022-06-17 23:10:49', NULL);
INSERT INTO `request_details` VALUES (6, 'wanxinp2p', 'REQ_8258BA650BBF4362B6541A7717BFF8B7', 'PERSONAL_REGISTER', '{\"callbackUrl\":\"http://192.168.31.106:8081/#/pages/common/success?st=1\",\"cardNumber\":\"6226374064116779\",\"fullname\":\"魏悼\",\"id\":9,\"idNumber\":\"366345198810313088\",\"mobile\":\"18278539575\",\"requestNo\":\"REQ_8258BA650BBF4362B6541A7717BFF8B7\",\"role\":\"I\",\"userNo\":\"USR_DE7A36C53CDA43CE9CD9CFCF47F4CBC5\"}', '{\"auditStatus\":\"PASSED\",\"bankCode\":\"HXB\",\"bankName\":\"华夏银行\",\"requestNo\":\"REQ_8258BA650BBF4362B6541A7717BFF8B7\",\"respCode\":\"00000\",\"respMsg\":\"成功\",\"status\":1}', 1, '2022-06-17 23:15:27', '2022-06-17 23:15:37');
INSERT INTO `request_details` VALUES (7, 'wanxinp2p', 'REQ_DE5B158DC59D4AF689E0FC96FBE8FAA1', 'PERSONAL_REGISTER', '{\"callbackUrl\":\"http://192.168.31.106:8081/#/pages/common/success?st=1\",\"cardNumber\":\"6227522042261302\",\"fullname\":\"沈苫疽\",\"id\":4,\"idNumber\":\"463770198207206703\",\"mobile\":\"18278539577\",\"requestNo\":\"REQ_DE5B158DC59D4AF689E0FC96FBE8FAA1\",\"role\":\"I\",\"userNo\":\"USR_B332B47F3DB24D60950BB2240146A4C1\"}', '{\"auditStatus\":\"PASSED\",\"bankCode\":\"BOC\",\"bankName\":\"中国银行\",\"requestNo\":\"REQ_DE5B158DC59D4AF689E0FC96FBE8FAA1\",\"respCode\":\"00000\",\"respMsg\":\"成功\",\"status\":1}', 1, '2022-06-17 23:32:13', '2022-06-17 23:32:23');
INSERT INTO `request_details` VALUES (8, 'wanxinp2p', 'REQ_B30EE96C20D246F098A731CC6F0B42B6', 'PERSONAL_REGISTER', '{\"callbackUrl\":\"http://192.168.31.106:8081/#/pages/common/success?st=1\",\"cardNumber\":\"6222601882590510\",\"fullname\":\"何箱砍\",\"id\":3,\"idNumber\":\"912147197906289971\",\"mobile\":\"18278539578\",\"requestNo\":\"REQ_B30EE96C20D246F098A731CC6F0B42B6\",\"role\":\"I\",\"userNo\":\"USR_3179F0CC9E0E4E2A9CC433DAB29A7430\"}', '{\"auditStatus\":\"PASSED\",\"bankCode\":\"BCOM\",\"bankName\":\"交通银行\",\"requestNo\":\"REQ_B30EE96C20D246F098A731CC6F0B42B6\",\"respCode\":\"00000\",\"respMsg\":\"成功\",\"status\":1}', 1, '2022-06-17 23:42:46', '2022-06-17 23:42:57');
INSERT INTO `request_details` VALUES (9, 'wanxinp2p', 'REQ_AF266FA7EC634C29BB2E74C79F5EE1C7', 'PERSONAL_REGISTER', '{\"callbackUrl\":\"http://192.168.31.106:8081/#/pages/common/success?st=1\",\"cardNumber\":\"6221550724496322\",\"fullname\":\"陆丑\",\"id\":2,\"idNumber\":\"315875199601152484\",\"mobile\":\"18278539579\",\"requestNo\":\"REQ_AF266FA7EC634C29BB2E74C79F5EE1C7\",\"role\":\"I\",\"userNo\":\"USR_C3A439866A754E34A93E6014BFD9B2B7\"}', '{\"auditStatus\":\"PASSED\",\"bankCode\":\"PAB\",\"bankName\":\"平安银行\",\"requestNo\":\"REQ_AF266FA7EC634C29BB2E74C79F5EE1C7\",\"respCode\":\"00000\",\"respMsg\":\"成功\",\"status\":1}', 1, '2022-06-18 00:57:41', '2022-06-18 00:57:52');
INSERT INTO `request_details` VALUES (10, 'wanxinp2p', 'REQ_3A953485914C48D8895671EF18DBFA15', 'CREATE_PROJECT', '{\"annualRate\":0.15,\"isAssignment\":0,\"projectAmount\":20000.00,\"projectDesc\":\"个人生活消费\",\"projectName\":\"沈苫疽女士第5次借款\",\"projectNo\":\"PRO_5740066EEDEE4721B23D3970A247636E\",\"projectPeriod\":360,\"projectType\":\"NEW\",\"repaymentWay\":\"FIXED_REPAYMENT\",\"requestNo\":\"REQ_3A953485914C48D8895671EF18DBFA15\",\"userNo\":\"USR_B332B47F3DB24D60950BB2240146A4C1\"}', '{\"respMsg\":\"成功\",\"requestNo\":\"REQ_3A953485914C48D8895671EF18DBFA15\",\"respCode\":\"00000\",\"status\":1}', 1, '2022-06-23 11:25:46', '2022-06-23 11:25:48');
INSERT INTO `request_details` VALUES (11, 'wanxinp2p', 'REQ_21309BBCEBDC4B69A9A2DEDF98CD6FF9', 'CREATE_PROJECT', '{\"annualRate\":0.15,\"isAssignment\":0,\"projectAmount\":20000.00,\"projectDesc\":\"个人生活消费\",\"projectName\":\"沈苫疽女士第5次借款\",\"projectNo\":\"PRO_5740066EEDEE4721B23D3970A247636E\",\"projectPeriod\":360,\"projectType\":\"NEW\",\"repaymentWay\":\"FIXED_REPAYMENT\",\"requestNo\":\"REQ_21309BBCEBDC4B69A9A2DEDF98CD6FF9\",\"userNo\":\"USR_B332B47F3DB24D60950BB2240146A4C1\"}', '{\"respMsg\":\"成功\",\"requestNo\":\"REQ_21309BBCEBDC4B69A9A2DEDF98CD6FF9\",\"respCode\":\"00000\",\"status\":1}', 1, '2022-06-23 12:52:26', '2022-06-23 12:52:26');
INSERT INTO `request_details` VALUES (12, 'wanxinp2p', 'REQ_A205849C03CC450C8BD72F4B62203BFD', 'CREATE_PROJECT', '{\"annualRate\":0.15,\"isAssignment\":0,\"projectAmount\":20000.00,\"projectDesc\":\"个人生活消费\",\"projectName\":\"沈苫疽女士第5次借款\",\"projectNo\":\"PRO_5740066EEDEE4721B23D3970A247636E\",\"projectPeriod\":360,\"projectType\":\"NEW\",\"repaymentWay\":\"FIXED_REPAYMENT\",\"requestNo\":\"REQ_A205849C03CC450C8BD72F4B62203BFD\",\"userNo\":\"USR_B332B47F3DB24D60950BB2240146A4C1\"}', '{\"respMsg\":\"成功\",\"requestNo\":\"REQ_A205849C03CC450C8BD72F4B62203BFD\",\"respCode\":\"00000\",\"status\":1}', 1, '2022-06-23 12:53:30', '2022-06-23 12:53:30');
INSERT INTO `request_details` VALUES (13, 'wanxinp2p', 'REQ_072716433C91490A861DE13203C3BFA5', 'CREATE_PROJECT', '{\"annualRate\":0.15,\"isAssignment\":0,\"projectAmount\":20000.00,\"projectDesc\":\"个人生活消费\",\"projectName\":\"沈苫疽女士第5次借款\",\"projectNo\":\"PRO_5740066EEDEE4721B23D3970A247636E\",\"projectPeriod\":360,\"projectType\":\"NEW\",\"repaymentWay\":\"FIXED_REPAYMENT\",\"requestNo\":\"REQ_072716433C91490A861DE13203C3BFA5\",\"userNo\":\"USR_B332B47F3DB24D60950BB2240146A4C1\"}', '{\"respMsg\":\"成功\",\"requestNo\":\"REQ_072716433C91490A861DE13203C3BFA5\",\"respCode\":\"00000\",\"status\":1}', 1, '2022-06-23 12:55:22', '2022-06-23 12:55:22');
INSERT INTO `request_details` VALUES (14, 'wanxinp2p', 'REQ_63CFD7A356A64F0C8DF0764C3DA349FF', 'CREATE_PROJECT', '{\"annualRate\":0.15,\"isAssignment\":0,\"projectAmount\":20000.00,\"projectDesc\":\"个人生活消费\",\"projectName\":\"沈苫疽女士第5次借款\",\"projectNo\":\"PRO_5740066EEDEE4721B23D3970A247636E\",\"projectPeriod\":360,\"projectType\":\"NEW\",\"repaymentWay\":\"FIXED_REPAYMENT\",\"requestNo\":\"REQ_63CFD7A356A64F0C8DF0764C3DA349FF\",\"userNo\":\"USR_B332B47F3DB24D60950BB2240146A4C1\"}', '{\"respMsg\":\"成功\",\"requestNo\":\"REQ_63CFD7A356A64F0C8DF0764C3DA349FF\",\"respCode\":\"00000\",\"status\":1}', 1, '2022-06-23 13:04:14', '2022-06-23 13:04:14');
INSERT INTO `request_details` VALUES (15, 'wanxinp2p', 'REQ_B8FE79C8CBB64F608DA16F99B604D763', 'CREATE_PROJECT', '{\"annualRate\":0.15,\"isAssignment\":0,\"projectAmount\":20000.00,\"projectDesc\":\"个人生活消费\",\"projectName\":\"沈苫疽女士第4次借款\",\"projectNo\":\"PRO_60BDB6D3095F4AAE97D4F0EF61512C57\",\"projectPeriod\":360,\"projectType\":\"NEW\",\"repaymentWay\":\"FIXED_REPAYMENT\",\"requestNo\":\"REQ_B8FE79C8CBB64F608DA16F99B604D763\",\"userNo\":\"USR_B332B47F3DB24D60950BB2240146A4C1\"}', '{\"respMsg\":\"成功\",\"requestNo\":\"REQ_B8FE79C8CBB64F608DA16F99B604D763\",\"respCode\":\"00000\",\"status\":1}', 1, '2022-06-23 13:06:01', '2022-06-23 13:06:01');
INSERT INTO `request_details` VALUES (16, 'wanxinp2p', 'REQ_8143C021F9F34D3CBD453E6C6EA17C05', 'CREATE_PROJECT', '{\"annualRate\":0.15,\"isAssignment\":0,\"projectAmount\":20000.00,\"projectDesc\":\"个人生活消费\",\"projectName\":\"沈苫疽女士第3次借款\",\"projectNo\":\"PRO_6C18DB9F101C4DFB8F42885FD1336271\",\"projectPeriod\":360,\"projectType\":\"NEW\",\"repaymentWay\":\"FIXED_REPAYMENT\",\"requestNo\":\"REQ_8143C021F9F34D3CBD453E6C6EA17C05\",\"userNo\":\"USR_B332B47F3DB24D60950BB2240146A4C1\"}', '{\"respMsg\":\"成功\",\"requestNo\":\"REQ_8143C021F9F34D3CBD453E6C6EA17C05\",\"respCode\":\"00000\",\"status\":1}', 1, '2022-06-23 13:07:07', '2022-06-23 13:07:08');
INSERT INTO `request_details` VALUES (17, 'wanxinp2p', 'REQ_4F28F0BA6E8F4D08B077BFA14DE606C4', 'CREATE_PROJECT', '{\"annualRate\":0.15,\"isAssignment\":0,\"projectAmount\":20000.00,\"projectDesc\":\"个人生活消费\",\"projectName\":\"沈苫疽女士第2次借款\",\"projectNo\":\"PRO_9E52923D89CC4926ADC1618152B32E60\",\"projectPeriod\":360,\"projectType\":\"NEW\",\"repaymentWay\":\"FIXED_REPAYMENT\",\"requestNo\":\"REQ_4F28F0BA6E8F4D08B077BFA14DE606C4\",\"userNo\":\"USR_B332B47F3DB24D60950BB2240146A4C1\"}', '{\"respMsg\":\"成功\",\"requestNo\":\"REQ_4F28F0BA6E8F4D08B077BFA14DE606C4\",\"respCode\":\"00000\",\"status\":1}', 1, '2022-06-23 13:07:38', '2022-06-23 13:07:39');
INSERT INTO `request_details` VALUES (18, 'wanxinp2p', 'REQ_421AE00E047144E8AADE2821BE2E257B', 'CREATE_PROJECT', '{\"annualRate\":0.15,\"isAssignment\":0,\"projectAmount\":20000.00,\"projectDesc\":\"个人生活消费\",\"projectName\":\"施猴女士第4次借款\",\"projectNo\":\"PRO_702F480B28924C8190715E2F0EA461CD\",\"projectPeriod\":360,\"projectType\":\"NEW\",\"repaymentWay\":\"FIXED_REPAYMENT\",\"requestNo\":\"REQ_421AE00E047144E8AADE2821BE2E257B\",\"userNo\":\"USR_2EF5D0F70E0D4626869C2825B8296A7E\"}', '{\"respMsg\":\"成功\",\"requestNo\":\"REQ_421AE00E047144E8AADE2821BE2E257B\",\"respCode\":\"00000\",\"status\":1}', 1, '2022-06-23 15:39:42', '2022-06-23 15:39:43');
INSERT INTO `request_details` VALUES (19, 'wanxinp2p', 'REQ_ED42339DA4B2462E841BF6B0C86EE9CB', 'CREATE_PROJECT', '{\"annualRate\":0.15,\"isAssignment\":0,\"projectAmount\":20000.00,\"projectDesc\":\"个人生活消费\",\"projectName\":\"施猴女士第3次借款\",\"projectNo\":\"PRO_C07FB88D234D42AA9361AE42CDB53B6A\",\"projectPeriod\":360,\"projectType\":\"NEW\",\"repaymentWay\":\"FIXED_REPAYMENT\",\"requestNo\":\"REQ_ED42339DA4B2462E841BF6B0C86EE9CB\",\"userNo\":\"USR_2EF5D0F70E0D4626869C2825B8296A7E\"}', '{\"respMsg\":\"成功\",\"requestNo\":\"REQ_ED42339DA4B2462E841BF6B0C86EE9CB\",\"respCode\":\"00000\",\"status\":1}', 1, '2022-06-23 16:09:09', '2022-06-23 16:09:09');
INSERT INTO `request_details` VALUES (20, 'wanxinp2p', 'REQ_15C51AC01498406CA7D3160B97CF8417', 'CREATE_PROJECT', '{\"annualRate\":0.15,\"isAssignment\":0,\"projectAmount\":2000.00,\"projectDesc\":\"个人生活消费\",\"projectName\":\"施猴女士第2次借款\",\"projectNo\":\"PRO_0533276D26E3407B83EA172888B8EDFA\",\"projectPeriod\":360,\"projectType\":\"NEW\",\"repaymentWay\":\"FIXED_REPAYMENT\",\"requestNo\":\"REQ_15C51AC01498406CA7D3160B97CF8417\",\"userNo\":\"USR_2EF5D0F70E0D4626869C2825B8296A7E\"}', '{\"respMsg\":\"成功\",\"requestNo\":\"REQ_15C51AC01498406CA7D3160B97CF8417\",\"respCode\":\"00000\",\"status\":1}', 1, '2022-06-23 16:09:46', '2022-06-23 16:09:46');
INSERT INTO `request_details` VALUES (21, 'wanxinp2p', 'REQ_A3ABD2D24C744D8CA2089EDA8143EDFA', 'CREATE_PROJECT', '{\"annualRate\":0.15,\"isAssignment\":0,\"projectAmount\":2000.00,\"projectDesc\":\"个人生活消费\",\"projectName\":\"施猴女士第1次借款\",\"projectNo\":\"PRO_1372E83869034FFC9E137045A5D2BB21\",\"projectPeriod\":360,\"projectType\":\"NEW\",\"repaymentWay\":\"FIXED_REPAYMENT\",\"requestNo\":\"REQ_A3ABD2D24C744D8CA2089EDA8143EDFA\",\"userNo\":\"USR_2EF5D0F70E0D4626869C2825B8296A7E\"}', '{\"respMsg\":\"成功\",\"requestNo\":\"REQ_A3ABD2D24C744D8CA2089EDA8143EDFA\",\"respCode\":\"00000\",\"status\":1}', 1, '2022-06-23 16:16:23', '2022-06-23 16:16:23');
INSERT INTO `request_details` VALUES (22, 'wanxinp2p', 'REQ_FA09326D59DB4A20AE5FB5264CF8567C', 'CREATE_PROJECT', '{\"annualRate\":0.15,\"isAssignment\":0,\"projectAmount\":20000.00,\"projectDesc\":\"个人生活消费\",\"projectName\":\"沈苫疽女士第1次借款\",\"projectNo\":\"PRO_8D8D97FE9F6A41768FF76356C987FF97\",\"projectPeriod\":360,\"projectType\":\"NEW\",\"repaymentWay\":\"FIXED_REPAYMENT\",\"requestNo\":\"REQ_FA09326D59DB4A20AE5FB5264CF8567C\",\"userNo\":\"USR_B332B47F3DB24D60950BB2240146A4C1\"}', '{\"respMsg\":\"成功\",\"requestNo\":\"REQ_FA09326D59DB4A20AE5FB5264CF8567C\",\"respCode\":\"00000\",\"status\":1}', 1, '2022-06-23 16:24:09', '2022-06-23 16:24:10');
INSERT INTO `request_details` VALUES (23, 'wanxinp2p', 'REQ_FA09326D59DB4A20AE5FB5264CF8567C', 'CREATE_PROJECT', '{\"annualRate\":0.15,\"isAssignment\":0,\"projectAmount\":20000.00,\"projectDesc\":\"个人生活消费\",\"projectName\":\"沈苫疽女士第1次借款\",\"projectNo\":\"PRO_8D8D97FE9F6A41768FF76356C987FF97\",\"projectPeriod\":360,\"projectType\":\"NEW\",\"repaymentWay\":\"FIXED_REPAYMENT\",\"requestNo\":\"REQ_FA09326D59DB4A20AE5FB5264CF8567C\",\"userNo\":\"USR_B332B47F3DB24D60950BB2240146A4C1\"}', '{\"respMsg\":\"成功\",\"requestNo\":\"REQ_FA09326D59DB4A20AE5FB5264CF8567C\",\"respCode\":\"00000\",\"status\":1}', 1, '2022-06-23 16:24:10', '2022-06-23 16:24:10');
INSERT INTO `request_details` VALUES (25, 'wanxinp2p', 'REQ_87615C8072E84EC39CE0CE8A56D188B5', 'USER_AUTO_PRE_TRANSACTION', '{\"amount\":8000,\"bizType\":\"TENDER\",\"id\":1541441494353772546,\"projectNo\":\"PRO_C07FB88D234D42AA9361AE42CDB53B6A\",\"requestNo\":\"REQ_87615C8072E84EC39CE0CE8A56D188B5\",\"userNo\":\"USR_DE7A36C53CDA43CE9CD9CFCF47F4CBC5\"}', '{\"bizType\":\"TENDER\",\"respMsg\":\"成功\",\"requestNo\":\"REQ_87615C8072E84EC39CE0CE8A56D188B5\",\"respCode\":\"00000\",\"status\":1}', 1, '2022-06-27 23:21:06', '2022-06-27 23:21:06');
INSERT INTO `request_details` VALUES (26, 'wanxinp2p', 'REQ_062BD24724BA43E7B2EDE7E7ADA98195', 'USER_AUTO_PRE_TRANSACTION', '{\"amount\":10000,\"bizType\":\"TENDER\",\"id\":1541444451312930817,\"projectNo\":\"PRO_C07FB88D234D42AA9361AE42CDB53B6A\",\"requestNo\":\"REQ_062BD24724BA43E7B2EDE7E7ADA98195\",\"userNo\":\"USR_DE7A36C53CDA43CE9CD9CFCF47F4CBC5\"}', '{\"bizType\":\"TENDER\",\"respMsg\":\"成功\",\"requestNo\":\"REQ_062BD24724BA43E7B2EDE7E7ADA98195\",\"respCode\":\"00000\",\"status\":1}', 1, '2022-06-27 23:32:51', '2022-06-27 23:32:51');
INSERT INTO `request_details` VALUES (27, 'wanxinp2p', 'REQ_25F392D8E19F46809D316BB0100262A2', 'USER_AUTO_PRE_TRANSACTION', '{\"amount\":2000,\"bizType\":\"TENDER\",\"id\":1541666159466643458,\"projectNo\":\"PRO_C07FB88D234D42AA9361AE42CDB53B6A\",\"requestNo\":\"REQ_25F392D8E19F46809D316BB0100262A2\",\"userNo\":\"USR_DE7A36C53CDA43CE9CD9CFCF47F4CBC5\"}', '{\"bizType\":\"TENDER\",\"respMsg\":\"成功\",\"requestNo\":\"REQ_25F392D8E19F46809D316BB0100262A2\",\"respCode\":\"00000\",\"status\":1}', 1, '2022-06-28 14:13:52', '2022-06-28 14:13:53');
INSERT INTO `request_details` VALUES (28, 'wanxinp2p', 'REQ_B256E86D4F4A454E9463C3284B5D6823', 'CONFIRM_LOAN', '{\"commission\":0,\"details\":[{\"amount\":8000,\"preRequestNo\":\"REQ_87615C8072E84EC39CE0CE8A56D188B5\"},{\"amount\":10000,\"preRequestNo\":\"REQ_062BD24724BA43E7B2EDE7E7ADA98195\"},{\"amount\":2000,\"preRequestNo\":\"REQ_25F392D8E19F46809D316BB0100262A2\"}],\"id\":1539536981413892097,\"projectNo\":\"PRO_C07FB88D234D42AA9361AE42CDB53B6A\",\"requestNo\":\"REQ_B256E86D4F4A454E9463C3284B5D6823\"}', '{\"respMsg\":\"系统异常\",\"requestNo\":\"REQ_B256E86D4F4A454E9463C3284B5D6823\",\"respCode\":\"00001\",\"status\":1}', 1, '2022-06-28 14:16:25', '2022-06-28 14:16:26');
INSERT INTO `request_details` VALUES (29, 'wanxinp2p', 'REQ_387E6F5778F04C1795315CFF31409550', 'CONFIRM_LOAN', '{\"commission\":0,\"details\":[{\"amount\":8000,\"preRequestNo\":\"REQ_87615C8072E84EC39CE0CE8A56D188B5\"},{\"amount\":10000,\"preRequestNo\":\"REQ_062BD24724BA43E7B2EDE7E7ADA98195\"},{\"amount\":2000,\"preRequestNo\":\"REQ_25F392D8E19F46809D316BB0100262A2\"}],\"id\":1539536981413892097,\"projectNo\":\"PRO_C07FB88D234D42AA9361AE42CDB53B6A\",\"requestNo\":\"REQ_387E6F5778F04C1795315CFF31409550\"}', '{\"respMsg\":\"系统异常\",\"requestNo\":\"REQ_387E6F5778F04C1795315CFF31409550\",\"respCode\":\"00001\",\"status\":1}', 1, '2022-06-28 14:21:31', '2022-06-28 14:21:31');
INSERT INTO `request_details` VALUES (30, 'wanxinp2p', 'REQ_AACBFF26D5244FDA94AFA443F137B757', 'CONFIRM_LOAN', '{\"commission\":0,\"details\":[{\"amount\":8000,\"preRequestNo\":\"REQ_87615C8072E84EC39CE0CE8A56D188B5\"},{\"amount\":10000,\"preRequestNo\":\"REQ_062BD24724BA43E7B2EDE7E7ADA98195\"},{\"amount\":2000,\"preRequestNo\":\"REQ_25F392D8E19F46809D316BB0100262A2\"}],\"id\":1539536981413892097,\"projectNo\":\"PRO_C07FB88D234D42AA9361AE42CDB53B6A\",\"requestNo\":\"REQ_AACBFF26D5244FDA94AFA443F137B757\"}', '{\"respMsg\":\"系统异常\",\"requestNo\":\"REQ_AACBFF26D5244FDA94AFA443F137B757\",\"respCode\":\"00001\",\"status\":1}', 1, '2022-06-28 14:23:16', '2022-06-28 14:23:16');
INSERT INTO `request_details` VALUES (31, 'wanxinp2p', 'REQ_C656A2D933E9433D87979A94D75C3A48', 'CONFIRM_LOAN', '{\"commission\":0,\"details\":[{\"amount\":8000,\"preRequestNo\":\"REQ_87615C8072E84EC39CE0CE8A56D188B5\"},{\"amount\":10000,\"preRequestNo\":\"REQ_062BD24724BA43E7B2EDE7E7ADA98195\"},{\"amount\":2000,\"preRequestNo\":\"REQ_25F392D8E19F46809D316BB0100262A2\"}],\"id\":1539536981413892097,\"projectNo\":\"PRO_C07FB88D234D42AA9361AE42CDB53B6A\",\"requestNo\":\"REQ_C656A2D933E9433D87979A94D75C3A48\"}', '{\"respMsg\":\"系统异常\",\"requestNo\":\"REQ_C656A2D933E9433D87979A94D75C3A48\",\"respCode\":\"00001\",\"status\":1}', 1, '2022-06-28 14:34:06', '2022-06-28 14:34:29');
INSERT INTO `request_details` VALUES (32, 'wanxinp2p', 'REQ_9E6C9841ED9246A8B4653B882A68F73C', 'CONFIRM_LOAN', '{\"commission\":0,\"details\":[{\"amount\":8000,\"preRequestNo\":\"REQ_87615C8072E84EC39CE0CE8A56D188B5\"},{\"amount\":10000,\"preRequestNo\":\"REQ_062BD24724BA43E7B2EDE7E7ADA98195\"},{\"amount\":2000,\"preRequestNo\":\"REQ_25F392D8E19F46809D316BB0100262A2\"}],\"id\":1539536981413892097,\"projectNo\":\"PRO_C07FB88D234D42AA9361AE42CDB53B6A\",\"requestNo\":\"REQ_9E6C9841ED9246A8B4653B882A68F73C\"}', '{\"respMsg\":\"系统异常\",\"requestNo\":\"REQ_9E6C9841ED9246A8B4653B882A68F73C\",\"respCode\":\"00001\",\"status\":1}', 1, '2022-06-28 14:35:14', '2022-06-28 14:35:14');
INSERT INTO `request_details` VALUES (33, 'wanxinp2p', 'REQ_20ECA1C9B4DF4DF49B3387CE0F5A5DA6', 'CONFIRM_LOAN', '{\"commission\":0,\"details\":[{\"amount\":8000,\"preRequestNo\":\"REQ_87615C8072E84EC39CE0CE8A56D188B5\"},{\"amount\":10000,\"preRequestNo\":\"REQ_062BD24724BA43E7B2EDE7E7ADA98195\"},{\"amount\":2000,\"preRequestNo\":\"REQ_25F392D8E19F46809D316BB0100262A2\"}],\"id\":1539536981413892097,\"projectNo\":\"PRO_C07FB88D234D42AA9361AE42CDB53B6A\",\"requestNo\":\"REQ_20ECA1C9B4DF4DF49B3387CE0F5A5DA6\"}', '{\"respMsg\":\"系统异常\",\"requestNo\":\"REQ_20ECA1C9B4DF4DF49B3387CE0F5A5DA6\",\"respCode\":\"00001\",\"status\":1}', 1, '2022-06-28 14:36:19', '2022-06-28 14:36:50');
INSERT INTO `request_details` VALUES (34, 'wanxinp2p', 'REQ_057C4714B4C240498D19EE980E70C75A', 'CONFIRM_LOAN', '{\"commission\":0,\"details\":[{\"amount\":8000,\"preRequestNo\":\"REQ_87615C8072E84EC39CE0CE8A56D188B5\"},{\"amount\":10000,\"preRequestNo\":\"REQ_062BD24724BA43E7B2EDE7E7ADA98195\"},{\"amount\":2000,\"preRequestNo\":\"REQ_25F392D8E19F46809D316BB0100262A2\"}],\"id\":1539536981413892097,\"projectNo\":\"PRO_C07FB88D234D42AA9361AE42CDB53B6A\",\"requestNo\":\"REQ_057C4714B4C240498D19EE980E70C75A\"}', '{\"respMsg\":\"系统异常\",\"requestNo\":\"REQ_057C4714B4C240498D19EE980E70C75A\",\"respCode\":\"00001\",\"status\":1}', 1, '2022-06-28 14:40:27', '2022-06-28 14:47:06');
INSERT INTO `request_details` VALUES (35, 'wanxinp2p', 'REQ_8C32CCB7E65449ACA7A65481FDB29268', 'CONFIRM_LOAN', '{\"commission\":0,\"details\":[{\"amount\":8000,\"preRequestNo\":\"REQ_87615C8072E84EC39CE0CE8A56D188B5\"},{\"amount\":10000,\"preRequestNo\":\"REQ_062BD24724BA43E7B2EDE7E7ADA98195\"},{\"amount\":2000,\"preRequestNo\":\"REQ_25F392D8E19F46809D316BB0100262A2\"}],\"id\":1539536981413892097,\"projectNo\":\"PRO_C07FB88D234D42AA9361AE42CDB53B6A\",\"requestNo\":\"REQ_8C32CCB7E65449ACA7A65481FDB29268\"}', '{\"respMsg\":\"系统异常\",\"requestNo\":\"REQ_8C32CCB7E65449ACA7A65481FDB29268\",\"respCode\":\"00001\",\"status\":1}', 1, '2022-06-28 14:51:17', '2022-06-28 14:51:24');
INSERT INTO `request_details` VALUES (36, 'wanxinp2p', 'REQ_94E9EE1031B341A18098379FC9EC2338', 'CONFIRM_LOAN', '{\"commission\":0,\"details\":[{\"amount\":8000,\"preRequestNo\":\"REQ_87615C8072E84EC39CE0CE8A56D188B5\"},{\"amount\":10000,\"preRequestNo\":\"REQ_062BD24724BA43E7B2EDE7E7ADA98195\"},{\"amount\":2000,\"preRequestNo\":\"REQ_25F392D8E19F46809D316BB0100262A2\"}],\"id\":1539536981413892097,\"projectNo\":\"PRO_C07FB88D234D42AA9361AE42CDB53B6A\",\"requestNo\":\"REQ_94E9EE1031B341A18098379FC9EC2338\"}', '{\"respMsg\":\"系统异常\",\"requestNo\":\"REQ_94E9EE1031B341A18098379FC9EC2338\",\"respCode\":\"00001\",\"status\":1}', 1, '2022-06-28 14:52:21', '2022-06-28 14:52:21');
INSERT INTO `request_details` VALUES (37, 'wanxinp2p', 'REQ_D9F7A42D43A347B5A9F47C8D7C706188', 'CONFIRM_LOAN', '{\"commission\":0,\"details\":[{\"amount\":8000,\"preRequestNo\":\"REQ_87615C8072E84EC39CE0CE8A56D188B5\"},{\"amount\":10000,\"preRequestNo\":\"REQ_062BD24724BA43E7B2EDE7E7ADA98195\"},{\"amount\":2000,\"preRequestNo\":\"REQ_25F392D8E19F46809D316BB0100262A2\"}],\"id\":1539536981413892097,\"projectNo\":\"PRO_C07FB88D234D42AA9361AE42CDB53B6A\",\"requestNo\":\"REQ_D9F7A42D43A347B5A9F47C8D7C706188\"}', '{\"respMsg\":\"系统异常\",\"requestNo\":\"REQ_D9F7A42D43A347B5A9F47C8D7C706188\",\"respCode\":\"00001\",\"status\":1}', 1, '2022-06-28 14:52:50', '2022-06-28 14:52:50');
INSERT INTO `request_details` VALUES (38, 'wanxinp2p', 'REQ_51707EC3059F48E2AA0FBDAC4CFFABFE', 'CONFIRM_LOAN', '{\"commission\":0,\"details\":[{\"amount\":8000,\"preRequestNo\":\"REQ_87615C8072E84EC39CE0CE8A56D188B5\"},{\"amount\":10000,\"preRequestNo\":\"REQ_062BD24724BA43E7B2EDE7E7ADA98195\"},{\"amount\":2000,\"preRequestNo\":\"REQ_25F392D8E19F46809D316BB0100262A2\"}],\"id\":1539536981413892097,\"projectNo\":\"PRO_C07FB88D234D42AA9361AE42CDB53B6A\",\"requestNo\":\"REQ_51707EC3059F48E2AA0FBDAC4CFFABFE\"}', '{\"respMsg\":\"系统异常\",\"requestNo\":\"REQ_51707EC3059F48E2AA0FBDAC4CFFABFE\",\"respCode\":\"00001\",\"status\":1}', 1, '2022-06-28 14:54:31', '2022-06-28 15:00:44');
INSERT INTO `request_details` VALUES (39, 'wanxinp2p', 'REQ_0C7971FDE1CC41389E43AD95773C79B7', 'CONFIRM_LOAN', '{\"commission\":0,\"details\":[{\"amount\":8000,\"preRequestNo\":\"REQ_87615C8072E84EC39CE0CE8A56D188B5\"},{\"amount\":10000,\"preRequestNo\":\"REQ_062BD24724BA43E7B2EDE7E7ADA98195\"},{\"amount\":2000,\"preRequestNo\":\"REQ_25F392D8E19F46809D316BB0100262A2\"}],\"id\":1539536981413892097,\"projectNo\":\"PRO_C07FB88D234D42AA9361AE42CDB53B6A\",\"requestNo\":\"REQ_0C7971FDE1CC41389E43AD95773C79B7\"}', '{\"respMsg\":\"系统异常\",\"requestNo\":\"REQ_0C7971FDE1CC41389E43AD95773C79B7\",\"respCode\":\"00001\",\"status\":1}', 1, '2022-06-28 15:02:29', '2022-06-28 15:02:46');
INSERT INTO `request_details` VALUES (40, 'wanxinp2p', 'REQ_C09DBACE9E264E9BBEA354C40144D7D5', 'PERSONAL_REGISTER', '{\"callbackUrl\":\"http://172.20.10.7:8081/#/pages/common/success?st=1\",\"cardNumber\":\"6222807701917624\",\"fullname\":\"施猴\",\"id\":11,\"idNumber\":\"340193199803233763\",\"mobile\":\"18278539574\",\"requestNo\":\"REQ_C09DBACE9E264E9BBEA354C40144D7D5\",\"role\":\"I\",\"userNo\":\"USR_15269A25592F475A99D2A6379899165E\"}', '{\"auditStatus\":\"PASSED\",\"bankCode\":\"CCB\",\"bankName\":\"中国建设银行\",\"requestNo\":\"REQ_C09DBACE9E264E9BBEA354C40144D7D5\",\"respCode\":\"00000\",\"respMsg\":\"成功\",\"status\":1}', 1, '2022-06-28 15:06:01', '2022-06-28 15:11:03');
INSERT INTO `request_details` VALUES (41, 'wanxinp2p', 'REQ_B5D0DA4B2D584F87ACF38B694A9DA8DC', 'CONFIRM_LOAN', '{\"commission\":0,\"details\":[{\"amount\":8000,\"preRequestNo\":\"REQ_87615C8072E84EC39CE0CE8A56D188B5\"},{\"amount\":10000,\"preRequestNo\":\"REQ_062BD24724BA43E7B2EDE7E7ADA98195\"},{\"amount\":2000,\"preRequestNo\":\"REQ_25F392D8E19F46809D316BB0100262A2\"}],\"id\":1539536981413892097,\"projectNo\":\"PRO_C07FB88D234D42AA9361AE42CDB53B6A\",\"requestNo\":\"REQ_B5D0DA4B2D584F87ACF38B694A9DA8DC\"}', '{\"respMsg\":\"系统异常\",\"requestNo\":\"REQ_B5D0DA4B2D584F87ACF38B694A9DA8DC\",\"respCode\":\"00001\",\"status\":1}', 1, '2022-06-28 15:13:33', '2022-06-28 15:13:33');
INSERT INTO `request_details` VALUES (42, 'wanxinp2p', 'REQ_756492C71DF048688BE26E4572AF2EB3', 'CONFIRM_LOAN', '{\"commission\":0,\"details\":[{\"amount\":8000,\"preRequestNo\":\"REQ_87615C8072E84EC39CE0CE8A56D188B5\"},{\"amount\":10000,\"preRequestNo\":\"REQ_062BD24724BA43E7B2EDE7E7ADA98195\"},{\"amount\":2000,\"preRequestNo\":\"REQ_25F392D8E19F46809D316BB0100262A2\"}],\"id\":1539536981413892097,\"projectNo\":\"PRO_C07FB88D234D42AA9361AE42CDB53B6A\",\"requestNo\":\"REQ_756492C71DF048688BE26E4572AF2EB3\"}', '{\"respMsg\":\"系统异常\",\"requestNo\":\"REQ_756492C71DF048688BE26E4572AF2EB3\",\"respCode\":\"00001\",\"status\":1}', 1, '2022-06-28 15:15:59', '2022-06-28 15:19:19');
INSERT INTO `request_details` VALUES (43, 'wanxinp2p', 'REQ_1D0E44052D10410D9B64161C57ACCF29', 'CONFIRM_LOAN', '{\"commission\":0,\"details\":[{\"amount\":8000,\"preRequestNo\":\"REQ_87615C8072E84EC39CE0CE8A56D188B5\"},{\"amount\":10000,\"preRequestNo\":\"REQ_062BD24724BA43E7B2EDE7E7ADA98195\"},{\"amount\":2000,\"preRequestNo\":\"REQ_25F392D8E19F46809D316BB0100262A2\"}],\"id\":1539536981413892097,\"projectNo\":\"PRO_C07FB88D234D42AA9361AE42CDB53B6A\",\"requestNo\":\"REQ_1D0E44052D10410D9B64161C57ACCF29\"}', '{\"respMsg\":\"系统异常\",\"requestNo\":\"REQ_1D0E44052D10410D9B64161C57ACCF29\",\"respCode\":\"00001\",\"status\":1}', 1, '2022-06-28 15:19:34', '2022-06-28 15:19:34');
INSERT INTO `request_details` VALUES (44, 'wanxinp2p', 'REQ_DE8C93ABB49241FAB93DC0C6B8F37CC4', 'CONFIRM_LOAN', '{\"commission\":0,\"details\":[{\"amount\":8000,\"preRequestNo\":\"REQ_87615C8072E84EC39CE0CE8A56D188B5\"},{\"amount\":10000,\"preRequestNo\":\"REQ_062BD24724BA43E7B2EDE7E7ADA98195\"},{\"amount\":2000,\"preRequestNo\":\"REQ_25F392D8E19F46809D316BB0100262A2\"}],\"id\":1539536981413892097,\"projectNo\":\"PRO_C07FB88D234D42AA9361AE42CDB53B6A\",\"requestNo\":\"REQ_DE8C93ABB49241FAB93DC0C6B8F37CC4\"}', '{\"respMsg\":\"系统异常\",\"requestNo\":\"REQ_DE8C93ABB49241FAB93DC0C6B8F37CC4\",\"respCode\":\"00001\",\"status\":1}', 1, '2022-06-28 15:20:00', '2022-06-28 15:20:00');
INSERT INTO `request_details` VALUES (45, 'wanxinp2p', 'REQ_576F7D59CCE9491BA63697F5379D3A8E', 'PERSONAL_REGISTER', '{\"callbackUrl\":\"http://172.20.10.7:8081/#/pages/common/success?st=1\",\"cardNumber\":\"6222109481381299\",\"fullname\":\"宇文伟噎\",\"id\":1014,\"idNumber\":\"441625199710148725\",\"mobile\":\"15278538571\",\"requestNo\":\"REQ_576F7D59CCE9491BA63697F5379D3A8E\",\"role\":\"I\",\"userNo\":\"USR_14D9D9D84128483F8FF0C9D0F7A1616B\"}', '{\"auditStatus\":\"PASSED\",\"bankCode\":\"ICBC\",\"bankName\":\"中国工商银行\",\"requestNo\":\"REQ_576F7D59CCE9491BA63697F5379D3A8E\",\"respCode\":\"00000\",\"respMsg\":\"成功\",\"status\":1}', 1, '2022-06-28 15:31:53', '2022-06-28 15:32:05');
INSERT INTO `request_details` VALUES (46, 'wanxinp2p', 'REQ_78DAC9E2DEF34A1891C4F56DE84314EB', 'CREATE_PROJECT', '{\"annualRate\":0.15,\"isAssignment\":0,\"projectAmount\":5000.00,\"projectDesc\":\"个人生活消费\",\"projectName\":\"宇文伟噎女士第1次借款\",\"projectNo\":\"PRO_F7E6A8EE636D473EAF0B514C60CFFEAE\",\"projectPeriod\":360,\"projectType\":\"NEW\",\"repaymentWay\":\"FIXED_REPAYMENT\",\"requestNo\":\"REQ_78DAC9E2DEF34A1891C4F56DE84314EB\",\"userNo\":\"USR_14D9D9D84128483F8FF0C9D0F7A1616B\"}', '{\"respMsg\":\"成功\",\"requestNo\":\"REQ_78DAC9E2DEF34A1891C4F56DE84314EB\",\"respCode\":\"00000\",\"status\":1}', 1, '2022-06-28 15:37:47', '2022-06-28 15:37:48');
INSERT INTO `request_details` VALUES (47, 'wanxinp2p', 'REQ_B14AA15CA1704B7382B46982E3B28E6E', 'PERSONAL_REGISTER', '{\"callbackUrl\":\"http://172.20.10.7:8081/#/pages/common/success?st=1\",\"cardNumber\":\"6227529891138879\",\"fullname\":\"欧阳货\",\"id\":1013,\"idNumber\":\"617929198809167402\",\"mobile\":\"15278538572\",\"requestNo\":\"REQ_B14AA15CA1704B7382B46982E3B28E6E\",\"role\":\"I\",\"userNo\":\"USR_7D14883543C444D89A8D37B932A9EBF7\"}', '{\"auditStatus\":\"PASSED\",\"bankCode\":\"BOC\",\"bankName\":\"中国银行\",\"requestNo\":\"REQ_B14AA15CA1704B7382B46982E3B28E6E\",\"respCode\":\"00000\",\"respMsg\":\"成功\",\"status\":1}', 1, '2022-06-28 15:44:26', '2022-06-28 15:44:36');
INSERT INTO `request_details` VALUES (48, 'wanxinp2p', 'REQ_5E101AB965894AF1A9AF02D65F02E3AF', 'USER_AUTO_PRE_TRANSACTION', '{\"amount\":2000,\"bizType\":\"TENDER\",\"id\":1541697352325148674,\"projectNo\":\"PRO_F7E6A8EE636D473EAF0B514C60CFFEAE\",\"requestNo\":\"REQ_5E101AB965894AF1A9AF02D65F02E3AF\",\"userNo\":\"USR_7D14883543C444D89A8D37B932A9EBF7\"}', '{\"bizType\":\"TENDER\",\"respMsg\":\"成功\",\"requestNo\":\"REQ_5E101AB965894AF1A9AF02D65F02E3AF\",\"respCode\":\"00000\",\"status\":1}', 1, '2022-06-28 16:17:47', '2022-06-28 16:17:47');
INSERT INTO `request_details` VALUES (49, 'wanxinp2p', 'REQ_4D4F8427236544F0ADD477CF71839CAC', 'PERSONAL_REGISTER', '{\"callbackUrl\":\"http://172.20.10.7:8081/#/pages/common/success?st=1\",\"cardNumber\":\"6226009771866718\",\"fullname\":\"蔡禹\",\"id\":1012,\"idNumber\":\"134589197607074649\",\"mobile\":\"15278538573\",\"requestNo\":\"REQ_4D4F8427236544F0ADD477CF71839CAC\",\"role\":\"I\",\"userNo\":\"USR_26A5085DDB5C42A680ABD8645C1DF9DC\"}', '{\"auditStatus\":\"PASSED\",\"bankCode\":\"CMBC\",\"bankName\":\"中国民生银行\",\"requestNo\":\"REQ_4D4F8427236544F0ADD477CF71839CAC\",\"respCode\":\"00000\",\"respMsg\":\"成功\",\"status\":1}', 1, '2022-06-28 16:20:54', '2022-06-28 16:21:03');
INSERT INTO `request_details` VALUES (50, 'wanxinp2p', 'REQ_5D8801486832453D8026E43B035F8955', 'USER_AUTO_PRE_TRANSACTION', '{\"amount\":3000,\"bizType\":\"TENDER\",\"id\":1541698556157505537,\"projectNo\":\"PRO_F7E6A8EE636D473EAF0B514C60CFFEAE\",\"requestNo\":\"REQ_5D8801486832453D8026E43B035F8955\",\"userNo\":\"USR_26A5085DDB5C42A680ABD8645C1DF9DC\"}', '{\"bizType\":\"TENDER\",\"respMsg\":\"成功\",\"requestNo\":\"REQ_5D8801486832453D8026E43B035F8955\",\"respCode\":\"00000\",\"status\":1}', 1, '2022-06-28 16:22:34', '2022-06-28 16:22:34');
INSERT INTO `request_details` VALUES (51, 'wanxinp2p', 'REQ_C589DB6C03AD4A8E97AB97188DB32FA1', 'CONFIRM_LOAN', '{\"commission\":0,\"details\":[{\"amount\":3000,\"preRequestNo\":\"REQ_5D8801486832453D8026E43B035F8955\"},{\"amount\":2000,\"preRequestNo\":\"REQ_5E101AB965894AF1A9AF02D65F02E3AF\"}],\"id\":1541687203548102658,\"projectNo\":\"PRO_F7E6A8EE636D473EAF0B514C60CFFEAE\",\"requestNo\":\"REQ_C589DB6C03AD4A8E97AB97188DB32FA1\"}', '{\"respMsg\":\"成功\",\"requestNo\":\"REQ_C589DB6C03AD4A8E97AB97188DB32FA1\",\"respCode\":\"00000\",\"status\":1}', 1, '2022-06-28 16:24:57', '2022-06-28 16:24:57');
INSERT INTO `request_details` VALUES (52, 'wanxinp2p', 'REQ_8CD6F9836C0C4144AE6CB4349C4F0F33', 'CREATE_PROJECT', '{\"annualRate\":0.00,\"isAssignment\":0,\"projectAmount\":8000.00,\"projectDesc\":\"个人生活消费\",\"projectName\":\"宇文伟噎女士第2次借款\",\"projectNo\":\"PRO_C82A6B51FCBE4B3CB3EAA7467BBB949E\",\"projectPeriod\":360,\"projectType\":\"NEW\",\"repaymentWay\":\"FIXED_REPAYMENT\",\"requestNo\":\"REQ_8CD6F9836C0C4144AE6CB4349C4F0F33\",\"userNo\":\"USR_14D9D9D84128483F8FF0C9D0F7A1616B\"}', '{\"respMsg\":\"成功\",\"requestNo\":\"REQ_8CD6F9836C0C4144AE6CB4349C4F0F33\",\"respCode\":\"00000\",\"status\":1}', 1, '2022-06-29 11:27:58', '2022-06-29 11:28:00');
INSERT INTO `request_details` VALUES (53, 'wanxinp2p', 'REQ_33546F3BB72E4FD39C6A02F5D8B52D22', 'CREATE_PROJECT', '{\"annualRate\":0.05,\"isAssignment\":0,\"projectAmount\":8000.00,\"projectDesc\":\"个人生活消费\",\"projectName\":\"宇文伟噎女士第3次借款\",\"projectNo\":\"PRO_BE0F6E73FF5E43CA8E0D4694B3433BB8\",\"projectPeriod\":360,\"projectType\":\"NEW\",\"repaymentWay\":\"FIXED_REPAYMENT\",\"requestNo\":\"REQ_33546F3BB72E4FD39C6A02F5D8B52D22\",\"userNo\":\"USR_14D9D9D84128483F8FF0C9D0F7A1616B\"}', '{\"respMsg\":\"成功\",\"requestNo\":\"REQ_33546F3BB72E4FD39C6A02F5D8B52D22\",\"respCode\":\"00000\",\"status\":1}', 1, '2022-06-29 11:48:50', '2022-06-29 11:48:51');
INSERT INTO `request_details` VALUES (54, 'wanxinp2p', 'REQ_13A90C1A765E473FBEDF85B8502BB2FF', 'USER_AUTO_PRE_TRANSACTION', '{\"amount\":4000,\"bizType\":\"TENDER\",\"id\":1541992830593970178,\"projectNo\":\"PRO_BE0F6E73FF5E43CA8E0D4694B3433BB8\",\"requestNo\":\"REQ_13A90C1A765E473FBEDF85B8502BB2FF\",\"userNo\":\"USR_7D14883543C444D89A8D37B932A9EBF7\"}', '{\"bizType\":\"TENDER\",\"respMsg\":\"成功\",\"requestNo\":\"REQ_13A90C1A765E473FBEDF85B8502BB2FF\",\"respCode\":\"00000\",\"status\":1}', 1, '2022-06-29 11:51:55', '2022-06-29 11:51:55');
INSERT INTO `request_details` VALUES (55, 'wanxinp2p', 'REQ_9040A0D5576746DEA669C00C6A03A8CF', 'USER_AUTO_PRE_TRANSACTION', '{\"amount\":4000,\"bizType\":\"TENDER\",\"id\":1541992982717181953,\"projectNo\":\"PRO_BE0F6E73FF5E43CA8E0D4694B3433BB8\",\"requestNo\":\"REQ_9040A0D5576746DEA669C00C6A03A8CF\",\"userNo\":\"USR_26A5085DDB5C42A680ABD8645C1DF9DC\"}', '{\"bizType\":\"TENDER\",\"respMsg\":\"成功\",\"requestNo\":\"REQ_9040A0D5576746DEA669C00C6A03A8CF\",\"respCode\":\"00000\",\"status\":1}', 1, '2022-06-29 11:52:31', '2022-06-29 11:52:31');
INSERT INTO `request_details` VALUES (56, 'wanxinp2p', 'REQ_22424945AC41470FA276B0211A883A3C', 'CONFIRM_LOAN', '{\"commission\":0,\"details\":[{\"amount\":4000,\"preRequestNo\":\"REQ_9040A0D5576746DEA669C00C6A03A8CF\"},{\"amount\":4000,\"preRequestNo\":\"REQ_13A90C1A765E473FBEDF85B8502BB2FF\"}],\"id\":1541991148732592130,\"projectNo\":\"PRO_BE0F6E73FF5E43CA8E0D4694B3433BB8\",\"requestNo\":\"REQ_22424945AC41470FA276B0211A883A3C\"}', '{\"respMsg\":\"成功\",\"requestNo\":\"REQ_22424945AC41470FA276B0211A883A3C\",\"respCode\":\"00000\",\"status\":1}', 1, '2022-06-29 12:00:28', '2022-06-29 12:00:28');
INSERT INTO `request_details` VALUES (57, 'wanxinp2p', 'REQ_4183ECBEB79849179A85796B6AA90EE2', 'CONFIRM_LOAN', '{\"commission\":0,\"details\":[{\"amount\":4000,\"preRequestNo\":\"REQ_9040A0D5576746DEA669C00C6A03A8CF\"},{\"amount\":4000,\"preRequestNo\":\"REQ_13A90C1A765E473FBEDF85B8502BB2FF\"}],\"id\":1541991148732592130,\"projectNo\":\"PRO_BE0F6E73FF5E43CA8E0D4694B3433BB8\",\"requestNo\":\"REQ_4183ECBEB79849179A85796B6AA90EE2\"}', '{\"respMsg\":\"成功\",\"requestNo\":\"REQ_4183ECBEB79849179A85796B6AA90EE2\",\"respCode\":\"00000\",\"status\":1}', 1, '2022-06-29 12:12:29', '2022-06-29 12:12:29');
INSERT INTO `request_details` VALUES (58, 'wanxinp2p', 'REQ_38F0AB06400B4F1E87320960089E266E', 'CONFIRM_LOAN', '{\"commission\":0,\"details\":[{\"amount\":4000,\"preRequestNo\":\"REQ_9040A0D5576746DEA669C00C6A03A8CF\"},{\"amount\":4000,\"preRequestNo\":\"REQ_13A90C1A765E473FBEDF85B8502BB2FF\"}],\"id\":1541991148732592130,\"projectNo\":\"PRO_BE0F6E73FF5E43CA8E0D4694B3433BB8\",\"requestNo\":\"REQ_38F0AB06400B4F1E87320960089E266E\"}', '{\"respMsg\":\"成功\",\"requestNo\":\"REQ_38F0AB06400B4F1E87320960089E266E\",\"respCode\":\"00000\",\"status\":1}', 1, '2022-06-29 12:19:16', '2022-06-29 12:19:17');
INSERT INTO `request_details` VALUES (59, 'wanxinp2p', 'REQ_7760167DA5A441C799732BEC8DF515D3', 'CONFIRM_LOAN', '{\"commission\":0,\"details\":[{\"amount\":4000,\"preRequestNo\":\"REQ_9040A0D5576746DEA669C00C6A03A8CF\"},{\"amount\":4000,\"preRequestNo\":\"REQ_13A90C1A765E473FBEDF85B8502BB2FF\"}],\"id\":1541991148732592130,\"projectNo\":\"PRO_BE0F6E73FF5E43CA8E0D4694B3433BB8\",\"requestNo\":\"REQ_7760167DA5A441C799732BEC8DF515D3\"}', '{\"respMsg\":\"成功\",\"requestNo\":\"REQ_7760167DA5A441C799732BEC8DF515D3\",\"respCode\":\"00000\",\"status\":1}', 1, '2022-06-29 12:24:01', '2022-06-29 12:24:01');
INSERT INTO `request_details` VALUES (60, 'wanxinp2p', 'REQ_5A0953D4AC51418F924A1DE3C2A29D3D', 'CONFIRM_LOAN', '{\"commission\":0,\"details\":[{\"amount\":4000,\"preRequestNo\":\"REQ_9040A0D5576746DEA669C00C6A03A8CF\"},{\"amount\":4000,\"preRequestNo\":\"REQ_13A90C1A765E473FBEDF85B8502BB2FF\"}],\"id\":1541991148732592130,\"projectNo\":\"PRO_BE0F6E73FF5E43CA8E0D4694B3433BB8\",\"requestNo\":\"REQ_5A0953D4AC51418F924A1DE3C2A29D3D\"}', '{\"respMsg\":\"成功\",\"requestNo\":\"REQ_5A0953D4AC51418F924A1DE3C2A29D3D\",\"respCode\":\"00000\",\"status\":1}', 1, '2022-06-29 12:42:38', '2022-06-29 12:42:38');
INSERT INTO `request_details` VALUES (61, 'wanxinp2p', 'REQ_A6FAA01AE7CD40FBA77CAA70F6FCFB49', 'CONFIRM_LOAN', '{\"commission\":0,\"details\":[{\"amount\":4000,\"preRequestNo\":\"REQ_9040A0D5576746DEA669C00C6A03A8CF\"},{\"amount\":4000,\"preRequestNo\":\"REQ_13A90C1A765E473FBEDF85B8502BB2FF\"}],\"id\":1541991148732592130,\"projectNo\":\"PRO_BE0F6E73FF5E43CA8E0D4694B3433BB8\",\"requestNo\":\"REQ_A6FAA01AE7CD40FBA77CAA70F6FCFB49\"}', '{\"respMsg\":\"成功\",\"requestNo\":\"REQ_A6FAA01AE7CD40FBA77CAA70F6FCFB49\",\"respCode\":\"00000\",\"status\":1}', 1, '2022-06-29 12:48:54', '2022-06-29 12:48:55');
INSERT INTO `request_details` VALUES (62, 'wanxinp2p', 'REQ_C71D21C9152649D29D210FE2C1D1AE5F', 'CONFIRM_LOAN', '{\"commission\":0,\"details\":[{\"amount\":4000,\"preRequestNo\":\"REQ_9040A0D5576746DEA669C00C6A03A8CF\"},{\"amount\":4000,\"preRequestNo\":\"REQ_13A90C1A765E473FBEDF85B8502BB2FF\"}],\"id\":1541991148732592130,\"projectNo\":\"PRO_BE0F6E73FF5E43CA8E0D4694B3433BB8\",\"requestNo\":\"REQ_C71D21C9152649D29D210FE2C1D1AE5F\"}', '{\"respMsg\":\"成功\",\"requestNo\":\"REQ_C71D21C9152649D29D210FE2C1D1AE5F\",\"respCode\":\"00000\",\"status\":1}', 1, '2022-06-29 12:51:31', '2022-06-29 12:51:31');
INSERT INTO `request_details` VALUES (63, 'wanxinp2p', 'REQ_4AF3AD9B098547D39A892E908679760D', 'USER_AUTO_PRE_TRANSACTION', '{\"amount\":703.32,\"bizType\":\"REPAYMENT\",\"id\":1542007845602480129,\"projectNo\":\"PRO_BE0F6E73FF5E43CA8E0D4694B3433BB8\",\"requestNo\":\"REQ_4AF3AD9B098547D39A892E908679760D\",\"userNo\":\"USR_14D9D9D84128483F8FF0C9D0F7A1616B\"}', NULL, 0, '2022-06-29 16:16:55', NULL);
INSERT INTO `request_details` VALUES (64, 'wanxinp2p', 'REQ_EB4A7ED2C04046B7BC4572311B84D2B6', 'CONFIRM_REPAYMENT', '{\"amount\":703.32,\"commission\":33.33,\"details\":[{\"amount\":325.76,\"commission\":10.00,\"interest\":16.66,\"userNo\":\"USR_26A5085DDB5C42A680ABD8645C1DF9DC\"},{\"amount\":325.76,\"commission\":10.00,\"interest\":16.66,\"userNo\":\"USR_7D14883543C444D89A8D37B932A9EBF7\"}],\"id\":1542007845602480129,\"preRequestNo\":\"REQ_4AF3AD9B098547D39A892E908679760D\",\"projectNo\":\"PRO_BE0F6E73FF5E43CA8E0D4694B3433BB8\",\"requestNo\":\"REQ_EB4A7ED2C04046B7BC4572311B84D2B6\"}', NULL, 0, '2022-06-29 18:42:55', NULL);
INSERT INTO `request_details` VALUES (65, 'wanxinp2p', 'REQ_CDBD962180524FEE956E4F8FFE129A0C', 'USER_AUTO_PRE_TRANSACTION', '{\"amount\":703.32,\"bizType\":\"REPAYMENT\",\"id\":1542007845858332673,\"projectNo\":\"PRO_BE0F6E73FF5E43CA8E0D4694B3433BB8\",\"requestNo\":\"REQ_CDBD962180524FEE956E4F8FFE129A0C\",\"userNo\":\"USR_14D9D9D84128483F8FF0C9D0F7A1616B\"}', NULL, 0, '2022-06-30 13:09:04', NULL);
INSERT INTO `request_details` VALUES (66, 'wanxinp2p', 'REQ_FD48F14FCAE54F049A168A480436D3E4', 'CONFIRM_REPAYMENT', '{\"amount\":703.32,\"commission\":30.61,\"details\":[{\"amount\":327.12,\"commission\":9.17,\"interest\":15.30,\"userNo\":\"USR_26A5085DDB5C42A680ABD8645C1DF9DC\"},{\"amount\":327.12,\"commission\":9.17,\"interest\":15.30,\"userNo\":\"USR_7D14883543C444D89A8D37B932A9EBF7\"}],\"id\":1542007845858332673,\"preRequestNo\":\"REQ_CDBD962180524FEE956E4F8FFE129A0C\",\"projectNo\":\"PRO_BE0F6E73FF5E43CA8E0D4694B3433BB8\",\"requestNo\":\"REQ_FD48F14FCAE54F049A168A480436D3E4\"}', NULL, 0, '2022-06-30 13:12:40', NULL);
INSERT INTO `request_details` VALUES (67, 'wanxinp2p', 'REQ_340A78F252D5442CBED8D458A56DA8C7', 'USER_AUTO_PRE_TRANSACTION', '{\"amount\":703.32,\"bizType\":\"REPAYMENT\",\"id\":1542007845929635841,\"projectNo\":\"PRO_BE0F6E73FF5E43CA8E0D4694B3433BB8\",\"requestNo\":\"REQ_340A78F252D5442CBED8D458A56DA8C7\",\"userNo\":\"USR_14D9D9D84128483F8FF0C9D0F7A1616B\"}', NULL, 0, '2022-06-30 13:14:01', NULL);
INSERT INTO `request_details` VALUES (68, 'wanxinp2p', 'REQ_7EEE6B0A8E4C406295F929C936C99678', 'CONFIRM_REPAYMENT', '{\"amount\":703.32,\"commission\":27.89,\"details\":[{\"amount\":328.48,\"commission\":8.35,\"interest\":13.94,\"userNo\":\"USR_26A5085DDB5C42A680ABD8645C1DF9DC\"},{\"amount\":328.48,\"commission\":8.35,\"interest\":13.94,\"userNo\":\"USR_7D14883543C444D89A8D37B932A9EBF7\"}],\"id\":1542007845929635841,\"preRequestNo\":\"REQ_340A78F252D5442CBED8D458A56DA8C7\",\"projectNo\":\"PRO_BE0F6E73FF5E43CA8E0D4694B3433BB8\",\"requestNo\":\"REQ_7EEE6B0A8E4C406295F929C936C99678\"}', NULL, 0, '2022-06-30 13:14:03', NULL);
INSERT INTO `request_details` VALUES (69, 'wanxinp2p', 'REQ_C6D80A3CFD0E44059AE49E253FA2B47C', 'RECHARGE', '{\"amount\":50,\"callbackUrl\":\"http://192.168.64.233:8081/#/pages/common/success?st=2\",\"requestNo\":\"REQ_C6D80A3CFD0E44059AE49E253FA2B47C\",\"userNo\":\"USR_14D9D9D84128483F8FF0C9D0F7A1616B\"}', '{\"requestNo\":\"REQ_C6D80A3CFD0E44059AE49E253FA2B47C\",\"respCode\":\"00000\",\"respMsg\":\"成功\",\"status\":1,\"transactionStatus\":\"SUCCESS\"}', 1, '2022-07-01 13:01:39', '2022-07-01 13:01:57');
INSERT INTO `request_details` VALUES (70, 'wanxinp2p', 'REQ_8C3996E998D146E0BFB78829FFE8BED9', 'RECHARGE', '{\"amount\":100,\"callbackUrl\":\"http://192.168.64.233:8081/#/pages/common/success?st=2\",\"requestNo\":\"REQ_8C3996E998D146E0BFB78829FFE8BED9\",\"userNo\":\"USR_14D9D9D84128483F8FF0C9D0F7A1616B\"}', '{\"requestNo\":\"REQ_8C3996E998D146E0BFB78829FFE8BED9\",\"respCode\":\"00000\",\"respMsg\":\"成功\",\"status\":1,\"transactionStatus\":\"SUCCESS\"}', 1, '2022-07-01 13:06:29', '2022-07-01 13:06:35');
INSERT INTO `request_details` VALUES (71, 'wanxinp2p', 'REQ_2D9509B82DF74D42ABAA203BDEEA28EA', 'RECHARGE', '{\"amount\":1000,\"callbackUrl\":\"http://192.168.64.233:8081/#/pages/common/success?st=2\",\"requestNo\":\"REQ_2D9509B82DF74D42ABAA203BDEEA28EA\",\"userNo\":\"USR_14D9D9D84128483F8FF0C9D0F7A1616B\"}', '{\"requestNo\":\"REQ_2D9509B82DF74D42ABAA203BDEEA28EA\",\"respCode\":\"00001\",\"respMsg\":\"银行卡余额不足\",\"status\":2,\"transactionStatus\":\"FAIL\"}', 2, '2022-07-01 13:06:57', '2022-07-01 13:07:08');
INSERT INTO `request_details` VALUES (72, 'wanxinp2p', 'REQ_AFCFA2CA47A44C63B5294B97BA20BB18', 'WITHDRAW', '{\"amount\":100,\"callbackURL\":\"http://192.168.64.233:8081/#/pages/common/success?st=3\",\"cardNumber\":\"441625199710148725\",\"commission\":0,\"mobile\":\"15278538571\",\"requestNo\":\"REQ_AFCFA2CA47A44C63B5294B97BA20BB18\",\"userNo\":\"USR_14D9D9D84128483F8FF0C9D0F7A1616B\"}', NULL, 0, '2022-07-01 13:10:30', NULL);
INSERT INTO `request_details` VALUES (73, 'wanxinp2p', 'REQ_A9F9D6AC88F345A9AC6403E8F6F21A14', 'WITHDRAW', '{\"amount\":50,\"callbackURL\":\"http://192.168.64.233:8081/#/pages/common/success?st=3\",\"cardNumber\":\"441625199710148725\",\"commission\":0,\"mobile\":\"15278538571\",\"requestNo\":\"REQ_A9F9D6AC88F345A9AC6403E8F6F21A14\",\"userNo\":\"USR_14D9D9D84128483F8FF0C9D0F7A1616B\"}', NULL, 0, '2022-07-01 13:11:55', NULL);
INSERT INTO `request_details` VALUES (74, 'wanxinp2p', 'REQ_7DE1A3CAAA2B4E3399831EAE1778DC41', 'RECHARGE', '{\"amount\":300,\"callbackUrl\":\"http://192.168.64.233:8081/#/pages/common/success?st=2\",\"requestNo\":\"REQ_7DE1A3CAAA2B4E3399831EAE1778DC41\",\"userNo\":\"USR_14D9D9D84128483F8FF0C9D0F7A1616B\"}', '{\"requestNo\":\"REQ_7DE1A3CAAA2B4E3399831EAE1778DC41\",\"respCode\":\"00000\",\"respMsg\":\"成功\",\"status\":1,\"transactionStatus\":\"SUCCESS\"}', 1, '2022-07-01 13:13:06', '2022-07-01 13:13:13');
INSERT INTO `request_details` VALUES (75, 'wanxinp2p', 'REQ_533EA55B331542D3B8A9D66037825C1B', 'WITHDRAW', '{\"amount\":200,\"callbackURL\":\"http://192.168.64.233:8081/#/pages/common/success?st=3\",\"cardNumber\":\"441625199710148725\",\"commission\":0,\"mobile\":\"15278538571\",\"requestNo\":\"REQ_533EA55B331542D3B8A9D66037825C1B\",\"userNo\":\"USR_14D9D9D84128483F8FF0C9D0F7A1616B\"}', NULL, 0, '2022-07-01 13:14:09', NULL);
INSERT INTO `request_details` VALUES (76, 'wanxinp2p', 'REQ_04870D387EEB4E0CB51731CA54C72B87', 'WITHDRAW', '{\"amount\":100,\"callbackURL\":\"http://192.168.64.233:8081/#/pages/common/success?st=3\",\"cardNumber\":\"441625199710148725\",\"commission\":0,\"mobile\":\"15278538571\",\"requestNo\":\"REQ_04870D387EEB4E0CB51731CA54C72B87\",\"userNo\":\"USR_14D9D9D84128483F8FF0C9D0F7A1616B\"}', NULL, 0, '2022-07-01 13:15:33', NULL);
INSERT INTO `request_details` VALUES (77, 'wanxinp2p', 'REQ_24387481D12B4010B2CDC501A10E2360', 'CREATE_PROJECT', '{\"annualRate\":0.05,\"isAssignment\":0,\"projectAmount\":3000.00,\"projectDesc\":\"个人生活消费\",\"projectName\":\"宇文伟噎女士第4次借款\",\"projectNo\":\"PRO_E45D9AE258E0469C9783DD45E0E59A38\",\"projectPeriod\":360,\"projectType\":\"NEW\",\"repaymentWay\":\"FIXED_REPAYMENT\",\"requestNo\":\"REQ_24387481D12B4010B2CDC501A10E2360\",\"userNo\":\"USR_14D9D9D84128483F8FF0C9D0F7A1616B\"}', '{\"respMsg\":\"成功\",\"requestNo\":\"REQ_24387481D12B4010B2CDC501A10E2360\",\"respCode\":\"00000\",\"status\":1}', 1, '2022-07-02 17:25:38', '2022-07-02 17:25:40');
INSERT INTO `request_details` VALUES (78, 'wanxinp2p', 'REQ_DC4C580F1B3640BEB6FF8E2D95712A26', 'CREATE_PROJECT', '{\"annualRate\":0.05,\"isAssignment\":0,\"projectAmount\":3000.00,\"projectDesc\":\"个人生活消费\",\"projectName\":\"宇文伟噎女士第5次借款\",\"projectNo\":\"PRO_2FA7A9AF9EF84997BEA68B767A0E9F7F\",\"projectPeriod\":360,\"projectType\":\"NEW\",\"repaymentWay\":\"FIXED_REPAYMENT\",\"requestNo\":\"REQ_DC4C580F1B3640BEB6FF8E2D95712A26\",\"userNo\":\"USR_14D9D9D84128483F8FF0C9D0F7A1616B\"}', '{\"respMsg\":\"成功\",\"requestNo\":\"REQ_DC4C580F1B3640BEB6FF8E2D95712A26\",\"respCode\":\"00000\",\"status\":1}', 1, '2022-07-02 17:29:39', '2022-07-02 17:29:40');
INSERT INTO `request_details` VALUES (79, 'wanxinp2p', 'REQ_5792E40F0C83413C9033C10E726C8D74', 'CREATE_PROJECT', '{\"annualRate\":0.05,\"isAssignment\":0,\"projectAmount\":2000.00,\"projectDesc\":\"个人生活消费\",\"projectName\":\"宇文伟噎女士第6次借款\",\"projectNo\":\"PRO_16FB6C7AE54649FC85D22CEB4D1EC2D6\",\"projectPeriod\":360,\"projectType\":\"NEW\",\"repaymentWay\":\"FIXED_REPAYMENT\",\"requestNo\":\"REQ_5792E40F0C83413C9033C10E726C8D74\",\"userNo\":\"USR_14D9D9D84128483F8FF0C9D0F7A1616B\"}', '{\"respMsg\":\"成功\",\"requestNo\":\"REQ_5792E40F0C83413C9033C10E726C8D74\",\"respCode\":\"00000\",\"status\":1}', 1, '2022-07-02 17:31:25', '2022-07-02 17:31:25');
INSERT INTO `request_details` VALUES (80, 'wanxinp2p', 'REQ_95BE3078708A4B42B642B6025519C987', 'CREATE_PROJECT', '{\"annualRate\":0.05,\"isAssignment\":0,\"projectAmount\":4000.00,\"projectDesc\":\"个人生活消费\",\"projectName\":\"宇文伟噎女士第7次借款\",\"projectNo\":\"PRO_6652A9285C2D47B59AF97AA05B995142\",\"projectPeriod\":360,\"projectType\":\"NEW\",\"repaymentWay\":\"FIXED_REPAYMENT\",\"requestNo\":\"REQ_95BE3078708A4B42B642B6025519C987\",\"userNo\":\"USR_14D9D9D84128483F8FF0C9D0F7A1616B\"}', '{\"respMsg\":\"成功\",\"requestNo\":\"REQ_95BE3078708A4B42B642B6025519C987\",\"respCode\":\"00000\",\"status\":1}', 1, '2022-07-02 17:31:42', '2022-07-02 17:31:42');
INSERT INTO `request_details` VALUES (81, 'wanxinp2p', 'REQ_3CFE98E15D6B4D2B889FFDB25FBF1EE4', 'CREATE_PROJECT', '{\"annualRate\":0.05,\"isAssignment\":0,\"projectAmount\":9000.00,\"projectDesc\":\"个人生活消费\",\"projectName\":\"宇文伟噎女士第8次借款\",\"projectNo\":\"PRO_27DE2AE0B1314CA18EDD050871AAFAA3\",\"projectPeriod\":360,\"projectType\":\"NEW\",\"repaymentWay\":\"FIXED_REPAYMENT\",\"requestNo\":\"REQ_3CFE98E15D6B4D2B889FFDB25FBF1EE4\",\"userNo\":\"USR_14D9D9D84128483F8FF0C9D0F7A1616B\"}', '{\"respMsg\":\"成功\",\"requestNo\":\"REQ_3CFE98E15D6B4D2B889FFDB25FBF1EE4\",\"respCode\":\"00000\",\"status\":1}', 1, '2022-07-02 17:32:07', '2022-07-02 17:32:07');
INSERT INTO `request_details` VALUES (82, 'wanxinp2p', 'REQ_B62D1CE985314D3A8CD02271455B6CCC', 'USER_AUTO_PRE_TRANSACTION', '{\"amount\":4000,\"bizType\":\"TENDER\",\"id\":1543247479594631170,\"projectNo\":\"PRO_27DE2AE0B1314CA18EDD050871AAFAA3\",\"requestNo\":\"REQ_B62D1CE985314D3A8CD02271455B6CCC\",\"userNo\":\"USR_7D14883543C444D89A8D37B932A9EBF7\"}', '{\"bizType\":\"TENDER\",\"respMsg\":\"成功\",\"requestNo\":\"REQ_B62D1CE985314D3A8CD02271455B6CCC\",\"respCode\":\"00000\",\"status\":1}', 1, '2022-07-02 22:57:29', '2022-07-02 22:57:30');
INSERT INTO `request_details` VALUES (83, 'wanxinp2p', 'REQ_7D67EACB169F423D8726EF50ADCB05C8', 'USER_AUTO_PRE_TRANSACTION', '{\"amount\":4000,\"bizType\":\"TENDER\",\"id\":1543247877017518081,\"projectNo\":\"PRO_6652A9285C2D47B59AF97AA05B995142\",\"requestNo\":\"REQ_7D67EACB169F423D8726EF50ADCB05C8\",\"userNo\":\"USR_7D14883543C444D89A8D37B932A9EBF7\"}', '{\"bizType\":\"TENDER\",\"respMsg\":\"成功\",\"requestNo\":\"REQ_7D67EACB169F423D8726EF50ADCB05C8\",\"respCode\":\"00000\",\"status\":1}', 1, '2022-07-02 22:59:01', '2022-07-02 22:59:01');
INSERT INTO `request_details` VALUES (84, 'wanxinp2p', 'REQ_92938ECB53A94E919C905558FC1C38D1', 'USER_AUTO_PRE_TRANSACTION', '{\"amount\":2000,\"bizType\":\"TENDER\",\"id\":1543249118745411586,\"projectNo\":\"PRO_16FB6C7AE54649FC85D22CEB4D1EC2D6\",\"requestNo\":\"REQ_92938ECB53A94E919C905558FC1C38D1\",\"userNo\":\"USR_7D14883543C444D89A8D37B932A9EBF7\"}', '{\"bizType\":\"TENDER\",\"respMsg\":\"成功\",\"requestNo\":\"REQ_92938ECB53A94E919C905558FC1C38D1\",\"respCode\":\"00000\",\"status\":1}', 1, '2022-07-02 23:03:57', '2022-07-02 23:03:57');
INSERT INTO `request_details` VALUES (85, 'wanxinp2p', 'REQ_75164A31B7324E6BA681E0B418E15FEC', 'CONFIRM_LOAN', '{\"commission\":0,\"details\":[{\"amount\":4000,\"preRequestNo\":\"REQ_7D67EACB169F423D8726EF50ADCB05C8\"}],\"id\":1543165467395481601,\"projectNo\":\"PRO_6652A9285C2D47B59AF97AA05B995142\",\"requestNo\":\"REQ_75164A31B7324E6BA681E0B418E15FEC\"}', '{\"respMsg\":\"成功\",\"requestNo\":\"REQ_75164A31B7324E6BA681E0B418E15FEC\",\"respCode\":\"00000\",\"status\":1}', 1, '2022-07-02 23:04:18', '2022-07-02 23:04:19');
INSERT INTO `request_details` VALUES (86, 'wanxinp2p', 'REQ_369A8A3093874A918C0AA1FD259E2AD2', 'USER_AUTO_PRE_TRANSACTION', '{\"amount\":5000,\"bizType\":\"TENDER\",\"id\":1543251367005601793,\"projectNo\":\"PRO_27DE2AE0B1314CA18EDD050871AAFAA3\",\"requestNo\":\"REQ_369A8A3093874A918C0AA1FD259E2AD2\",\"userNo\":\"USR_7D14883543C444D89A8D37B932A9EBF7\"}', '{\"bizType\":\"TENDER\",\"respMsg\":\"成功\",\"requestNo\":\"REQ_369A8A3093874A918C0AA1FD259E2AD2\",\"respCode\":\"00000\",\"status\":1}', 1, '2022-07-02 23:12:53', '2022-07-02 23:12:53');
INSERT INTO `request_details` VALUES (87, 'wanxinp2p', 'REQ_C18BD7E4CF8D428EA1457BC22E019B06', 'CONFIRM_LOAN', '{\"commission\":0,\"details\":[{\"amount\":4000,\"preRequestNo\":\"REQ_B62D1CE985314D3A8CD02271455B6CCC\"},{\"amount\":5000,\"preRequestNo\":\"REQ_369A8A3093874A918C0AA1FD259E2AD2\"}],\"id\":1543165556713185282,\"projectNo\":\"PRO_27DE2AE0B1314CA18EDD050871AAFAA3\",\"requestNo\":\"REQ_C18BD7E4CF8D428EA1457BC22E019B06\"}', '{\"respMsg\":\"成功\",\"requestNo\":\"REQ_C18BD7E4CF8D428EA1457BC22E019B06\",\"respCode\":\"00000\",\"status\":1}', 1, '2022-07-02 23:20:20', '2022-07-02 23:20:21');
INSERT INTO `request_details` VALUES (88, 'wanxinp2p', 'REQ_48DE51F889274CE4B6E8CD88B9503B83', 'USER_AUTO_PRE_TRANSACTION', '{\"amount\":3000,\"bizType\":\"TENDER\",\"id\":1543253847542185986,\"projectNo\":\"PRO_2FA7A9AF9EF84997BEA68B767A0E9F7F\",\"requestNo\":\"REQ_48DE51F889274CE4B6E8CD88B9503B83\",\"userNo\":\"USR_7D14883543C444D89A8D37B932A9EBF7\"}', '{\"bizType\":\"TENDER\",\"respMsg\":\"成功\",\"requestNo\":\"REQ_48DE51F889274CE4B6E8CD88B9503B83\",\"respCode\":\"00000\",\"status\":1}', 1, '2022-07-02 23:22:44', '2022-07-02 23:22:45');
INSERT INTO `request_details` VALUES (89, 'wanxinp2p', 'REQ_5CD432E9393747A4A1D65A2619C5B7CB', 'USER_AUTO_PRE_TRANSACTION', '{\"amount\":3000,\"bizType\":\"TENDER\",\"id\":1543253987971678209,\"projectNo\":\"PRO_E45D9AE258E0469C9783DD45E0E59A38\",\"requestNo\":\"REQ_5CD432E9393747A4A1D65A2619C5B7CB\",\"userNo\":\"USR_7D14883543C444D89A8D37B932A9EBF7\"}', '{\"bizType\":\"TENDER\",\"respMsg\":\"成功\",\"requestNo\":\"REQ_5CD432E9393747A4A1D65A2619C5B7CB\",\"respCode\":\"00000\",\"status\":1}', 1, '2022-07-02 23:23:18', '2022-07-02 23:23:18');
INSERT INTO `request_details` VALUES (90, 'wanxinp2p', 'REQ_A64921A4C49C4C1AB59AC3CE6C874288', 'USER_AUTO_PRE_TRANSACTION', '{\"amount\":8000,\"bizType\":\"TENDER\",\"id\":1543254101247246337,\"projectNo\":\"PRO_C82A6B51FCBE4B3CB3EAA7467BBB949E\",\"requestNo\":\"REQ_A64921A4C49C4C1AB59AC3CE6C874288\",\"userNo\":\"USR_7D14883543C444D89A8D37B932A9EBF7\"}', '{\"bizType\":\"TENDER\",\"respMsg\":\"成功\",\"requestNo\":\"REQ_A64921A4C49C4C1AB59AC3CE6C874288\",\"respCode\":\"00000\",\"status\":1}', 1, '2022-07-02 23:23:45', '2022-07-02 23:23:45');
INSERT INTO `request_details` VALUES (91, 'wanxinp2p', 'REQ_DD1A11DE78C3459EAB68F4E91EF9F994', 'CONFIRM_LOAN', '{\"commission\":0,\"details\":[{\"amount\":2000,\"preRequestNo\":\"REQ_92938ECB53A94E919C905558FC1C38D1\"}],\"id\":1543165400387280897,\"projectNo\":\"PRO_16FB6C7AE54649FC85D22CEB4D1EC2D6\",\"requestNo\":\"REQ_DD1A11DE78C3459EAB68F4E91EF9F994\"}', '{\"respMsg\":\"成功\",\"requestNo\":\"REQ_DD1A11DE78C3459EAB68F4E91EF9F994\",\"respCode\":\"00000\",\"status\":1}', 1, '2022-07-02 23:24:13', '2022-07-02 23:24:13');
INSERT INTO `request_details` VALUES (92, 'wanxinp2p', 'REQ_A70670E420CE430C9D71D89885BF916E', 'USER_AUTO_PRE_TRANSACTION', '{\"amount\":703.32,\"bizType\":\"REPAYMENT\",\"id\":1542007846059659267,\"projectNo\":\"PRO_BE0F6E73FF5E43CA8E0D4694B3433BB8\",\"requestNo\":\"REQ_A70670E420CE430C9D71D89885BF916E\",\"userNo\":\"USR_14D9D9D84128483F8FF0C9D0F7A1616B\"}', NULL, 0, '2022-07-04 17:37:01', NULL);
INSERT INTO `request_details` VALUES (93, 'wanxinp2p', 'REQ_F968B256BABC4FB88F63EA5A55608FC2', 'CONFIRM_REPAYMENT', '{\"amount\":703.32,\"commission\":22.40,\"details\":[{\"amount\":331.22,\"commission\":6.69,\"interest\":11.20,\"userNo\":\"USR_26A5085DDB5C42A680ABD8645C1DF9DC\"},{\"amount\":331.22,\"commission\":6.69,\"interest\":11.20,\"userNo\":\"USR_7D14883543C444D89A8D37B932A9EBF7\"}],\"id\":1542007846059659267,\"preRequestNo\":\"REQ_A70670E420CE430C9D71D89885BF916E\",\"projectNo\":\"PRO_BE0F6E73FF5E43CA8E0D4694B3433BB8\",\"requestNo\":\"REQ_F968B256BABC4FB88F63EA5A55608FC2\"}', NULL, 0, '2022-07-04 17:37:04', NULL);

-- ----------------------------
-- Table structure for tender
-- ----------------------------
DROP TABLE IF EXISTS `tender`;
CREATE TABLE `tender`  (
  `ID` bigint(20) NOT NULL AUTO_INCREMENT COMMENT '主键',
  `USER_NO` varchar(50) CHARACTER SET utf8 COLLATE utf8_general_ci NULL DEFAULT NULL COMMENT '投标人用户编码',
  `PROJECT_NO` varchar(50) CHARACTER SET utf8 COLLATE utf8_general_ci NULL DEFAULT NULL COMMENT '标的编码',
  `AMOUNT` decimal(10, 2) NULL DEFAULT NULL COMMENT '投标冻结金额',
  `TENDER_STATUS` varchar(50) CHARACTER SET utf8 COLLATE utf8_general_ci NULL DEFAULT NULL COMMENT '投标状态',
  `CREATE_DATE` datetime NULL DEFAULT NULL COMMENT '创建时间',
  `MODIFY_DATE` datetime NULL DEFAULT NULL COMMENT '修改时间',
  `REQUEST_NO` varchar(50) CHARACTER SET utf8 COLLATE utf8_general_ci NULL DEFAULT NULL COMMENT '投标/债权转让 请求流水号',
  `REMARK` varchar(50) CHARACTER SET utf8 COLLATE utf8_general_ci NULL DEFAULT NULL COMMENT '备注',
  PRIMARY KEY (`ID`) USING BTREE
) ENGINE = InnoDB AUTO_INCREMENT = 1543254102748803074 CHARACTER SET = utf8 COLLATE = utf8_general_ci COMMENT = '投标信息表' ROW_FORMAT = Dynamic;

-- ----------------------------
-- Records of tender
-- ----------------------------
INSERT INTO `tender` VALUES (1541441495662440450, 'USR_DE7A36C53CDA43CE9CD9CFCF47F4CBC5', 'PRO_C07FB88D234D42AA9361AE42CDB53B6A', 8000.00, 'FROZEN', '2022-06-27 23:21:06', NULL, 'REQ_87615C8072E84EC39CE0CE8A56D188B5', NULL);
INSERT INTO `tender` VALUES (1541444453271711745, 'USR_DE7A36C53CDA43CE9CD9CFCF47F4CBC5', 'PRO_C07FB88D234D42AA9361AE42CDB53B6A', 10000.00, 'FROZEN', '2022-06-27 23:32:51', NULL, 'REQ_062BD24724BA43E7B2EDE7E7ADA98195', NULL);
INSERT INTO `tender` VALUES (1541666172569677826, 'USR_DE7A36C53CDA43CE9CD9CFCF47F4CBC5', 'PRO_C07FB88D234D42AA9361AE42CDB53B6A', 2000.00, 'FROZEN', '2022-06-28 14:13:53', NULL, 'REQ_25F392D8E19F46809D316BB0100262A2', NULL);
INSERT INTO `tender` VALUES (1541697354413928450, 'USR_7D14883543C444D89A8D37B932A9EBF7', 'PRO_F7E6A8EE636D473EAF0B514C60CFFEAE', 2000.00, 'LOAN', '2022-06-28 16:17:47', NULL, 'REQ_5E101AB965894AF1A9AF02D65F02E3AF', NULL);
INSERT INTO `tender` VALUES (1541698557969461250, 'USR_26A5085DDB5C42A680ABD8645C1DF9DC', 'PRO_F7E6A8EE636D473EAF0B514C60CFFEAE', 3000.00, 'LOAN', '2022-06-28 16:22:34', NULL, 'REQ_5D8801486832453D8026E43B035F8955', NULL);
INSERT INTO `tender` VALUES (1541992832552669185, 'USR_7D14883543C444D89A8D37B932A9EBF7', 'PRO_BE0F6E73FF5E43CA8E0D4694B3433BB8', 4000.00, 'LOAN', '2022-06-29 11:51:55', NULL, 'REQ_13A90C1A765E473FBEDF85B8502BB2FF', NULL);
INSERT INTO `tender` VALUES (1541992984021569538, 'USR_26A5085DDB5C42A680ABD8645C1DF9DC', 'PRO_BE0F6E73FF5E43CA8E0D4694B3433BB8', 4000.00, 'LOAN', '2022-06-29 11:52:31', NULL, 'REQ_9040A0D5576746DEA669C00C6A03A8CF', NULL);
INSERT INTO `tender` VALUES (1543247497231708161, 'USR_7D14883543C444D89A8D37B932A9EBF7', 'PRO_27DE2AE0B1314CA18EDD050871AAFAA3', 4000.00, 'LOAN', '2022-07-02 22:57:30', NULL, 'REQ_B62D1CE985314D3A8CD02271455B6CCC', NULL);
INSERT INTO `tender` VALUES (1543247878124843009, 'USR_7D14883543C444D89A8D37B932A9EBF7', 'PRO_6652A9285C2D47B59AF97AA05B995142', 4000.00, 'LOAN', '2022-07-02 22:59:01', NULL, 'REQ_7D67EACB169F423D8726EF50ADCB05C8', NULL);
INSERT INTO `tender` VALUES (1543249119974371330, 'USR_7D14883543C444D89A8D37B932A9EBF7', 'PRO_16FB6C7AE54649FC85D22CEB4D1EC2D6', 2000.00, 'LOAN', '2022-07-02 23:03:57', NULL, 'REQ_92938ECB53A94E919C905558FC1C38D1', NULL);
INSERT INTO `tender` VALUES (1543251368440082434, 'USR_7D14883543C444D89A8D37B932A9EBF7', 'PRO_27DE2AE0B1314CA18EDD050871AAFAA3', 5000.00, 'LOAN', '2022-07-02 23:12:53', NULL, 'REQ_369A8A3093874A918C0AA1FD259E2AD2', NULL);
INSERT INTO `tender` VALUES (1543253848733364226, 'USR_7D14883543C444D89A8D37B932A9EBF7', 'PRO_2FA7A9AF9EF84997BEA68B767A0E9F7F', 3000.00, 'FROZEN', '2022-07-02 23:22:44', NULL, 'REQ_48DE51F889274CE4B6E8CD88B9503B83', NULL);
INSERT INTO `tender` VALUES (1543253988948946945, 'USR_7D14883543C444D89A8D37B932A9EBF7', 'PRO_E45D9AE258E0469C9783DD45E0E59A38', 3000.00, 'FROZEN', '2022-07-02 23:23:18', NULL, 'REQ_5CD432E9393747A4A1D65A2619C5B7CB', NULL);
INSERT INTO `tender` VALUES (1543254102748803074, 'USR_7D14883543C444D89A8D37B932A9EBF7', 'PRO_C82A6B51FCBE4B3CB3EAA7467BBB949E', 8000.00, 'FROZEN', '2022-07-02 23:23:45', NULL, 'REQ_A64921A4C49C4C1AB59AC3CE6C874288', NULL);

-- ----------------------------
-- Table structure for user
-- ----------------------------
DROP TABLE IF EXISTS `user`;
CREATE TABLE `user`  (
  `ID` bigint(20) NOT NULL AUTO_INCREMENT COMMENT '主键',
  `USER_NO` varchar(50) CHARACTER SET utf8 COLLATE utf8_general_ci NULL DEFAULT NULL COMMENT '用户编码,生成唯一,用户在存管系统标识',
  `FULLNAME` varchar(50) CHARACTER SET utf8 COLLATE utf8_general_ci NOT NULL COMMENT '真实姓名',
  `ID_NUMBER` varchar(50) CHARACTER SET utf8 COLLATE utf8_general_ci NULL DEFAULT NULL COMMENT '身份证号',
  `PASSWORD` varchar(50) CHARACTER SET utf8 COLLATE utf8_general_ci NULL DEFAULT NULL COMMENT '存管支付密码',
  `MOBILE` varchar(50) CHARACTER SET utf8 COLLATE utf8_general_ci NULL DEFAULT NULL COMMENT '存管预留手机号',
  `USER_TYPE` tinyint(4) NULL DEFAULT NULL COMMENT '用户类型,个人or企业, 预留',
  `ROLE` varchar(50) CHARACTER SET utf8 COLLATE utf8_general_ci NULL DEFAULT NULL COMMENT '用户角色',
  `AUTH_LIST` varchar(50) CHARACTER SET utf8 COLLATE utf8_general_ci NULL DEFAULT NULL COMMENT '授权列表',
  `IS_BIND_CARD` tinyint(4) NULL DEFAULT NULL COMMENT '是否已绑定银行卡',
  `APP_CODE` varchar(50) CHARACTER SET utf8 COLLATE utf8_general_ci NULL DEFAULT NULL COMMENT '应用编码',
  `REQUEST_NO` varchar(50) CHARACTER SET utf8 COLLATE utf8_general_ci NULL DEFAULT NULL COMMENT '请求流水号',
  `CREATE_DATE` datetime NULL DEFAULT NULL COMMENT '产生时间',
  PRIMARY KEY (`ID`) USING BTREE
) ENGINE = InnoDB AUTO_INCREMENT = 12 CHARACTER SET = utf8 COLLATE = utf8_general_ci COMMENT = '存管用户信息表' ROW_FORMAT = Dynamic;

-- ----------------------------
-- Records of user
-- ----------------------------
INSERT INTO `user` VALUES (1, 'USR_D53484354B2E405FA57B1F532934D011', '慕容筷', '811054199404066455', '888888', '18278539575', NULL, 'B', 'ALL', 1, 'wanxinp2p', 'REQ_6773B90618DE450A97CC67B50BC72E3E', '2022-06-16 00:44:13');
INSERT INTO `user` VALUES (4, 'USR_DE7A36C53CDA43CE9CD9CFCF47F4CBC5', '魏悼', '366345198810313088', '888888', '18278539575', NULL, 'B', 'ALL', 1, 'wanxinp2p', 'REQ_8258BA650BBF4362B6541A7717BFF8B7', '2022-06-17 23:15:37');
INSERT INTO `user` VALUES (5, 'USR_B332B47F3DB24D60950BB2240146A4C1', '沈苫疽', '463770198207206703', '888888', '18278539577', NULL, 'B', 'ALL', 1, 'wanxinp2p', 'REQ_DE5B158DC59D4AF689E0FC96FBE8FAA1', '2022-06-17 23:32:23');
INSERT INTO `user` VALUES (6, 'USR_3179F0CC9E0E4E2A9CC433DAB29A7430', '何箱砍', '912147197906289971', '888888', '18278539578', NULL, 'B', 'ALL', 1, 'wanxinp2p', 'REQ_B30EE96C20D246F098A731CC6F0B42B6', '2022-06-17 23:42:57');
INSERT INTO `user` VALUES (7, 'USR_C3A439866A754E34A93E6014BFD9B2B7', '陆丑', '315875199601152484', '888888', '18278539579', NULL, 'B', 'ALL', 1, 'wanxinp2p', 'REQ_AF266FA7EC634C29BB2E74C79F5EE1C7', '2022-06-18 00:57:52');
INSERT INTO `user` VALUES (9, 'USR_15269A25592F475A99D2A6379899165E', '施猴', '340193199803233763', '888888', '18278539574', NULL, 'B', 'ALL', 1, 'wanxinp2p', 'REQ_C09DBACE9E264E9BBEA354C40144D7D5', '2022-06-28 15:11:03');
INSERT INTO `user` VALUES (10, 'USR_14D9D9D84128483F8FF0C9D0F7A1616B', '宇文伟噎', '441625199710148725', '888888', '15278538571', NULL, 'B', 'ALL', 1, 'wanxinp2p', 'REQ_576F7D59CCE9491BA63697F5379D3A8E', '2022-06-28 15:32:05');
INSERT INTO `user` VALUES (11, 'USR_7D14883543C444D89A8D37B932A9EBF7', '欧阳货', '617929198809167402', '888888', '15278538572', NULL, 'B', 'ALL', 1, 'wanxinp2p', 'REQ_B14AA15CA1704B7382B46982E3B28E6E', '2022-06-28 15:44:36');
INSERT INTO `user` VALUES (12, 'USR_26A5085DDB5C42A680ABD8645C1DF9DC', '蔡禹', '134589197607074649', '888888', '15278538573', NULL, 'B', 'ALL', 1, 'wanxinp2p', 'REQ_4D4F8427236544F0ADD477CF71839CAC', '2022-06-28 16:21:03');

-- ----------------------------
-- Table structure for withdraw_details
-- ----------------------------
DROP TABLE IF EXISTS `withdraw_details`;
CREATE TABLE `withdraw_details`  (
  `ID` bigint(20) NOT NULL AUTO_INCREMENT COMMENT '主键',
  `REQUEST_NO` varchar(50) CHARACTER SET utf8 COLLATE utf8_general_ci NULL DEFAULT NULL COMMENT '请求流水号',
  `USER_NO` varchar(50) CHARACTER SET utf8 COLLATE utf8_general_ci NULL DEFAULT NULL COMMENT '用户编码,生成唯一,用户在存管系统标识',
  `AMOUNT` decimal(10, 2) NULL DEFAULT NULL COMMENT '金额',
  `COMMISSION` decimal(10, 2) NULL DEFAULT NULL COMMENT '平台佣金',
  `CREATE_DATE` datetime NULL DEFAULT NULL COMMENT '触发时间',
  `STATUS` tinyint(4) NULL DEFAULT NULL COMMENT '执行结果',
  `FINISH_DATE` datetime NULL DEFAULT NULL COMMENT '执行返回时间',
  `APP_CODE` varchar(50) CHARACTER SET utf8 COLLATE utf8_general_ci NULL DEFAULT NULL COMMENT '应用编码',
  PRIMARY KEY (`ID`) USING BTREE
) ENGINE = InnoDB AUTO_INCREMENT = 4 CHARACTER SET = utf8 COLLATE = utf8_general_ci COMMENT = '用户余额明细表' ROW_FORMAT = Dynamic;

-- ----------------------------
-- Records of withdraw_details
-- ----------------------------
INSERT INTO `withdraw_details` VALUES (1, 'REQ_AFCFA2CA47A44C63B5294B97BA20BB18', 'USR_14D9D9D84128483F8FF0C9D0F7A1616B', 100.00, NULL, '2022-07-01 13:10:44', 1, NULL, 'wanxinp2p');
INSERT INTO `withdraw_details` VALUES (2, 'REQ_A9F9D6AC88F345A9AC6403E8F6F21A14', 'USR_14D9D9D84128483F8FF0C9D0F7A1616B', 50.00, NULL, '2022-07-01 13:11:59', 1, NULL, 'wanxinp2p');
INSERT INTO `withdraw_details` VALUES (3, 'REQ_533EA55B331542D3B8A9D66037825C1B', 'USR_14D9D9D84128483F8FF0C9D0F7A1616B', 200.00, NULL, '2022-07-01 13:14:16', 1, NULL, 'wanxinp2p');
INSERT INTO `withdraw_details` VALUES (4, 'REQ_04870D387EEB4E0CB51731CA54C72B87', 'USR_14D9D9D84128483F8FF0C9D0F7A1616B', 100.00, NULL, '2022-07-01 13:15:39', 1, NULL, 'wanxinp2p');

SET FOREIGN_KEY_CHECKS = 1;
