/*
 Navicat MySQL Data Transfer

 Source Server         : mysql8
 Source Server Type    : MySQL
 Source Server Version : 80011
 Source Host           : localhost:3336
 Source Schema         : p2p_repayment

 Target Server Type    : MySQL
 Target Server Version : 80011
 File Encoding         : 65001

 Date: 16/07/2022 11:41:28
*/

SET NAMES utf8mb4;
SET FOREIGN_KEY_CHECKS = 0;

-- ----------------------------
-- Table structure for receivable_detail
-- ----------------------------
DROP TABLE IF EXISTS `receivable_detail`;
CREATE TABLE `receivable_detail`  (
  `ID` bigint(20) NOT NULL COMMENT '主键',
  `RECEIVABLE_ID` bigint(20) NULL DEFAULT NULL COMMENT '应收项标识',
  `AMOUNT` decimal(10, 2) NULL DEFAULT NULL COMMENT '实收本息',
  `RECEIVABLE_DATE` datetime NULL DEFAULT NULL COMMENT '实收时间',
  PRIMARY KEY (`ID`) USING BTREE
) ENGINE = InnoDB CHARACTER SET = utf8 COLLATE = utf8_general_ci COMMENT = '投资人实收明细' ROW_FORMAT = Dynamic;

-- ----------------------------
-- Records of receivable_detail
-- ----------------------------
INSERT INTO `receivable_detail` VALUES (1542096215859060738, 1542007846328094722, 342.42, '2022-06-29 18:42:42');
INSERT INTO `receivable_detail` VALUES (1542096215993278465, 1542007846516838404, 342.42, '2022-06-29 18:42:43');
INSERT INTO `receivable_detail` VALUES (1542375526094180353, 1542007846328094723, 342.42, '2022-06-30 13:12:36');
INSERT INTO `receivable_detail` VALUES (1542375526496833537, 1542007846583947265, 342.42, '2022-06-30 13:12:36');
INSERT INTO `receivable_detail` VALUES (1542375885041078274, 1542007846328094724, 342.42, '2022-06-30 13:14:02');
INSERT INTO `receivable_detail` VALUES (1542375885120770049, 1542007846583947266, 342.42, '2022-06-30 13:14:02');
INSERT INTO `receivable_detail` VALUES (1543891625170825218, 1542007846386814979, 342.42, '2022-07-04 17:37:02');
INSERT INTO `receivable_detail` VALUES (1543891625208573954, 1542007846655250434, 342.42, '2022-07-04 17:37:02');

-- ----------------------------
-- Table structure for receivable_plan
-- ----------------------------
DROP TABLE IF EXISTS `receivable_plan`;
CREATE TABLE `receivable_plan`  (
  `ID` bigint(20) NOT NULL COMMENT '主键',
  `CONSUMER_ID` bigint(20) NULL DEFAULT NULL COMMENT '投标人用户标识',
  `USER_NO` varchar(50) CHARACTER SET utf8 COLLATE utf8_general_ci NULL DEFAULT NULL COMMENT '投标人用户编码',
  `TENDER_ID` bigint(20) NOT NULL COMMENT '投标信息标识',
  `REPAYMENT_ID` bigint(20) NULL DEFAULT NULL COMMENT '还款计划项标识',
  `NUMBER_OF_PERIODS` int(11) NULL DEFAULT NULL COMMENT '期数',
  `INTEREST` decimal(10, 2) NULL DEFAULT NULL COMMENT '应收利息',
  `PRINCIPAL` decimal(10, 2) NULL DEFAULT NULL COMMENT '应收本金',
  `AMOUNT` decimal(10, 2) NULL DEFAULT NULL COMMENT '应收本息',
  `SHOULD_RECEIVABLE_DATE` datetime NULL DEFAULT NULL COMMENT '应收时间',
  `RECEIVABLE_STATUS` tinyint(4) NULL DEFAULT NULL COMMENT '状态：0,.未收 1.已收  2.部分收到',
  `CREATE_DATE` datetime NULL DEFAULT NULL COMMENT '创建时间',
  `COMMISSION` decimal(10, 2) NULL DEFAULT NULL COMMENT '年化利率(平台佣金，利差)',
  PRIMARY KEY (`ID`) USING BTREE
) ENGINE = InnoDB CHARACTER SET = utf8 COLLATE = utf8_general_ci COMMENT = '投资人应收计划' ROW_FORMAT = Dynamic;

-- ----------------------------
-- Records of receivable_plan
-- ----------------------------
INSERT INTO `receivable_plan` VALUES (1542007846328094722, 1012, 'USR_26A5085DDB5C42A680ABD8645C1DF9DC', 1541992982717181953, 1542007845602480129, 1, 16.66, 325.76, 342.42, '2022-07-29 12:51:33', 1, '2022-06-29 12:51:34', 10.00);
INSERT INTO `receivable_plan` VALUES (1542007846328094723, 1012, 'USR_26A5085DDB5C42A680ABD8645C1DF9DC', 1541992982717181953, 1542007845858332673, 2, 15.30, 327.12, 342.42, '2022-08-29 12:51:34', 1, '2022-06-29 12:51:34', 9.17);
INSERT INTO `receivable_plan` VALUES (1542007846328094724, 1012, 'USR_26A5085DDB5C42A680ABD8645C1DF9DC', 1541992982717181953, 1542007845929635841, 3, 13.94, 328.48, 342.42, '2022-09-29 12:51:34', 1, '2022-06-29 12:51:34', 8.35);
INSERT INTO `receivable_plan` VALUES (1542007846386814978, 1012, 'USR_26A5085DDB5C42A680ABD8645C1DF9DC', 1541992982717181953, 1542007846059659266, 4, 12.57, 329.85, 342.42, '2022-10-29 12:51:34', 0, '2022-06-29 12:51:34', 7.52);
INSERT INTO `receivable_plan` VALUES (1542007846386814979, 1012, 'USR_26A5085DDB5C42A680ABD8645C1DF9DC', 1541992982717181953, 1542007846059659267, 5, 11.20, 331.22, 342.42, '2022-11-29 12:51:34', 1, '2022-06-29 12:51:34', 6.69);
INSERT INTO `receivable_plan` VALUES (1542007846386814980, 1012, 'USR_26A5085DDB5C42A680ABD8645C1DF9DC', 1541992982717181953, 1542007846135156737, 6, 9.82, 332.60, 342.42, '2022-12-29 12:51:34', 0, '2022-06-29 12:51:34', 5.86);
INSERT INTO `receivable_plan` VALUES (1542007846458118146, 1012, 'USR_26A5085DDB5C42A680ABD8645C1DF9DC', 1541992982717181953, 1542007846135156738, 7, 8.43, 333.99, 342.42, '2023-01-29 12:51:34', 0, '2022-06-29 12:51:34', 5.03);
INSERT INTO `receivable_plan` VALUES (1542007846458118147, 1012, 'USR_26A5085DDB5C42A680ABD8645C1DF9DC', 1541992982717181953, 1542007846189682690, 8, 7.04, 335.38, 342.42, '2023-02-28 12:51:34', 0, '2022-06-29 12:51:34', 4.20);
INSERT INTO `receivable_plan` VALUES (1542007846458118148, 1012, 'USR_26A5085DDB5C42A680ABD8645C1DF9DC', 1541992982717181953, 1542007846189682691, 9, 5.64, 336.78, 342.42, '2023-03-29 12:51:34', 0, '2022-06-29 12:51:34', 3.36);
INSERT INTO `receivable_plan` VALUES (1542007846516838401, 1012, 'USR_26A5085DDB5C42A680ABD8645C1DF9DC', 1541992982717181953, 1542007846189682692, 10, 4.24, 338.18, 342.42, '2023-04-29 12:51:34', 0, '2022-06-29 12:51:34', 2.52);
INSERT INTO `receivable_plan` VALUES (1542007846516838402, 1012, 'USR_26A5085DDB5C42A680ABD8645C1DF9DC', 1541992982717181953, 1542007846265180161, 11, 2.83, 339.59, 342.42, '2023-05-29 12:51:34', 0, '2022-06-29 12:51:34', 1.68);
INSERT INTO `receivable_plan` VALUES (1542007846516838403, 1012, 'USR_26A5085DDB5C42A680ABD8645C1DF9DC', 1541992982717181953, 1542007846265180162, 12, 1.42, 341.00, 342.42, '2023-06-29 12:51:34', 0, '2022-06-29 12:51:34', 0.84);
INSERT INTO `receivable_plan` VALUES (1542007846516838404, 1013, 'USR_7D14883543C444D89A8D37B932A9EBF7', 1541992830593970178, 1542007845602480129, 1, 16.66, 325.76, 342.42, '2022-07-29 12:51:33', 1, '2022-06-29 12:51:34', 10.00);
INSERT INTO `receivable_plan` VALUES (1542007846583947265, 1013, 'USR_7D14883543C444D89A8D37B932A9EBF7', 1541992830593970178, 1542007845858332673, 2, 15.30, 327.12, 342.42, '2022-08-29 12:51:34', 1, '2022-06-29 12:51:34', 9.17);
INSERT INTO `receivable_plan` VALUES (1542007846583947266, 1013, 'USR_7D14883543C444D89A8D37B932A9EBF7', 1541992830593970178, 1542007845929635841, 3, 13.94, 328.48, 342.42, '2022-09-29 12:51:34', 1, '2022-06-29 12:51:34', 8.35);
INSERT INTO `receivable_plan` VALUES (1542007846583947267, 1013, 'USR_7D14883543C444D89A8D37B932A9EBF7', 1541992830593970178, 1542007846059659266, 4, 12.57, 329.85, 342.42, '2022-10-29 12:51:34', 0, '2022-06-29 12:51:34', 7.52);
INSERT INTO `receivable_plan` VALUES (1542007846655250434, 1013, 'USR_7D14883543C444D89A8D37B932A9EBF7', 1541992830593970178, 1542007846059659267, 5, 11.20, 331.22, 342.42, '2022-11-29 12:51:34', 1, '2022-06-29 12:51:34', 6.69);
INSERT INTO `receivable_plan` VALUES (1542007846655250435, 1013, 'USR_7D14883543C444D89A8D37B932A9EBF7', 1541992830593970178, 1542007846135156737, 6, 9.82, 332.60, 342.42, '2022-12-29 12:51:34', 0, '2022-06-29 12:51:34', 5.86);
INSERT INTO `receivable_plan` VALUES (1542007846655250436, 1013, 'USR_7D14883543C444D89A8D37B932A9EBF7', 1541992830593970178, 1542007846135156738, 7, 8.43, 333.99, 342.42, '2023-01-29 12:51:34', 0, '2022-06-29 12:51:34', 5.03);
INSERT INTO `receivable_plan` VALUES (1542007846655250437, 1013, 'USR_7D14883543C444D89A8D37B932A9EBF7', 1541992830593970178, 1542007846189682690, 8, 7.04, 335.38, 342.42, '2023-02-28 12:51:34', 0, '2022-06-29 12:51:34', 4.20);
INSERT INTO `receivable_plan` VALUES (1542007846718164993, 1013, 'USR_7D14883543C444D89A8D37B932A9EBF7', 1541992830593970178, 1542007846189682691, 9, 5.64, 336.78, 342.42, '2023-03-29 12:51:34', 0, '2022-06-29 12:51:34', 3.36);
INSERT INTO `receivable_plan` VALUES (1542007846718164994, 1013, 'USR_7D14883543C444D89A8D37B932A9EBF7', 1541992830593970178, 1542007846189682692, 10, 4.24, 338.18, 342.42, '2023-04-29 12:51:34', 0, '2022-06-29 12:51:34', 2.52);
INSERT INTO `receivable_plan` VALUES (1542007846718164995, 1013, 'USR_7D14883543C444D89A8D37B932A9EBF7', 1541992830593970178, 1542007846265180161, 11, 2.83, 339.59, 342.42, '2023-05-29 12:51:34', 0, '2022-06-29 12:51:34', 1.68);
INSERT INTO `receivable_plan` VALUES (1542007846781079553, 1013, 'USR_7D14883543C444D89A8D37B932A9EBF7', 1541992830593970178, 1542007846265180162, 12, 1.42, 341.00, 342.42, '2023-06-29 12:51:34', 0, '2022-06-29 12:51:34', 0.84);
INSERT INTO `receivable_plan` VALUES (1543889968265428996, 1013, 'USR_7D14883543C444D89A8D37B932A9EBF7', 1543247479594631170, 1543889967766306819, 1, 16.66, 325.76, 342.42, '2022-08-04 17:30:27', 0, '2022-07-04 17:30:27', 10.00);
INSERT INTO `receivable_plan` VALUES (1543889968265428997, 1013, 'USR_7D14883543C444D89A8D37B932A9EBF7', 1543247877017518081, 1543889967766306818, 1, 16.66, 325.76, 342.42, '2022-08-04 17:30:27', 0, '2022-07-04 17:30:27', 10.00);
INSERT INTO `receivable_plan` VALUES (1543889968265428998, 1013, 'USR_7D14883543C444D89A8D37B932A9EBF7', 1543249118745411586, 1543889967766306817, 1, 8.33, 162.88, 171.21, '2022-08-04 17:30:26', 0, '2022-07-04 17:30:27', 5.00);
INSERT INTO `receivable_plan` VALUES (1543889968496115713, 1013, 'USR_7D14883543C444D89A8D37B932A9EBF7', 1543247479594631170, 1543889968034742274, 2, 15.30, 327.12, 342.42, '2022-09-04 17:30:27', 0, '2022-07-04 17:30:27', 9.17);
INSERT INTO `receivable_plan` VALUES (1543889968496115714, 1013, 'USR_7D14883543C444D89A8D37B932A9EBF7', 1543249118745411586, 1543889968034742275, 2, 7.65, 163.56, 171.21, '2022-09-04 17:30:27', 0, '2022-07-04 17:30:27', 4.58);
INSERT INTO `receivable_plan` VALUES (1543889968496115715, 1013, 'USR_7D14883543C444D89A8D37B932A9EBF7', 1543247877017518081, 1543889968034742276, 2, 15.30, 327.12, 342.42, '2022-09-04 17:30:27', 0, '2022-07-04 17:30:27', 9.17);
INSERT INTO `receivable_plan` VALUES (1543889968496115716, 1013, 'USR_7D14883543C444D89A8D37B932A9EBF7', 1543249118745411586, 1543889968034742278, 3, 6.97, 164.24, 171.21, '2022-10-04 17:30:27', 0, '2022-07-04 17:30:27', 4.17);
INSERT INTO `receivable_plan` VALUES (1543889968496115717, 1013, 'USR_7D14883543C444D89A8D37B932A9EBF7', 1543247877017518081, 1543889968034742277, 3, 13.94, 328.48, 342.42, '2022-10-04 17:30:27', 0, '2022-07-04 17:30:27', 8.35);
INSERT INTO `receivable_plan` VALUES (1543889968496115718, 1013, 'USR_7D14883543C444D89A8D37B932A9EBF7', 1543247479594631170, 1543889968034742279, 3, 13.94, 328.48, 342.42, '2022-10-04 17:30:27', 0, '2022-07-04 17:30:27', 8.35);
INSERT INTO `receivable_plan` VALUES (1543889968496115719, 1013, 'USR_7D14883543C444D89A8D37B932A9EBF7', 1543249118745411586, 1543889968034742280, 4, 6.28, 164.93, 171.21, '2022-11-04 17:30:27', 0, '2022-07-04 17:30:27', 3.76);
INSERT INTO `receivable_plan` VALUES (1543889968496115720, 1013, 'USR_7D14883543C444D89A8D37B932A9EBF7', 1543247877017518081, 1543889968034742282, 4, 12.57, 329.85, 342.42, '2022-11-04 17:30:27', 0, '2022-07-04 17:30:27', 7.52);
INSERT INTO `receivable_plan` VALUES (1543889968496115721, 1013, 'USR_7D14883543C444D89A8D37B932A9EBF7', 1543247479594631170, 1543889968034742281, 4, 12.57, 329.85, 342.42, '2022-11-04 17:30:27', 0, '2022-07-04 17:30:27', 7.52);
INSERT INTO `receivable_plan` VALUES (1543889968496115722, 1013, 'USR_7D14883543C444D89A8D37B932A9EBF7', 1543247479594631170, 1543889968034742285, 5, 11.20, 331.22, 342.42, '2022-12-04 17:30:27', 0, '2022-07-04 17:30:27', 6.69);
INSERT INTO `receivable_plan` VALUES (1543889968496115723, 1013, 'USR_7D14883543C444D89A8D37B932A9EBF7', 1543249118745411586, 1543889968034742283, 5, 5.60, 165.61, 171.21, '2022-12-04 17:30:27', 0, '2022-07-04 17:30:27', 3.34);
INSERT INTO `receivable_plan` VALUES (1543889968496115724, 1013, 'USR_7D14883543C444D89A8D37B932A9EBF7', 1543247877017518081, 1543889968034742284, 5, 11.20, 331.22, 342.42, '2022-12-04 17:30:27', 0, '2022-07-04 17:30:27', 6.69);
INSERT INTO `receivable_plan` VALUES (1543889968496115725, 1013, 'USR_7D14883543C444D89A8D37B932A9EBF7', 1543247877017518081, 1543889968034742287, 6, 9.82, 332.60, 342.42, '2023-01-04 17:30:27', 0, '2022-07-04 17:30:27', 5.86);
INSERT INTO `receivable_plan` VALUES (1543889968496115726, 1013, 'USR_7D14883543C444D89A8D37B932A9EBF7', 1543249118745411586, 1543889968034742288, 6, 4.91, 166.30, 171.21, '2023-01-04 17:30:27', 0, '2022-07-04 17:30:27', 2.93);
INSERT INTO `receivable_plan` VALUES (1543889968496115727, 1013, 'USR_7D14883543C444D89A8D37B932A9EBF7', 1543247479594631170, 1543889968034742286, 6, 9.82, 332.60, 342.42, '2023-01-04 17:30:27', 0, '2022-07-04 17:30:27', 5.86);
INSERT INTO `receivable_plan` VALUES (1543889968496115728, 1013, 'USR_7D14883543C444D89A8D37B932A9EBF7', 1543247877017518081, 1543889968034742289, 7, 8.43, 333.99, 342.42, '2023-02-04 17:30:27', 0, '2022-07-04 17:30:27', 5.03);
INSERT INTO `receivable_plan` VALUES (1543889968496115729, 1013, 'USR_7D14883543C444D89A8D37B932A9EBF7', 1543249118745411586, 1543889968034742291, 7, 4.21, 167.00, 171.21, '2023-02-04 17:30:27', 0, '2022-07-04 17:30:27', 2.51);
INSERT INTO `receivable_plan` VALUES (1543889968496115730, 1013, 'USR_7D14883543C444D89A8D37B932A9EBF7', 1543247479594631170, 1543889968034742290, 7, 8.43, 333.99, 342.42, '2023-02-04 17:30:27', 0, '2022-07-04 17:30:27', 5.03);
INSERT INTO `receivable_plan` VALUES (1543889968496115731, 1013, 'USR_7D14883543C444D89A8D37B932A9EBF7', 1543247877017518081, 1543889968034742293, 8, 7.04, 335.38, 342.42, '2023-03-04 17:30:27', 0, '2022-07-04 17:30:27', 4.20);
INSERT INTO `receivable_plan` VALUES (1543889968496115732, 1013, 'USR_7D14883543C444D89A8D37B932A9EBF7', 1543247479594631170, 1543889968034742292, 8, 7.04, 335.38, 342.42, '2023-03-04 17:30:27', 0, '2022-07-04 17:30:27', 4.20);
INSERT INTO `receivable_plan` VALUES (1543889968496115733, 1013, 'USR_7D14883543C444D89A8D37B932A9EBF7', 1543249118745411586, 1543889968034742294, 8, 3.52, 167.69, 171.21, '2023-03-04 17:30:27', 0, '2022-07-04 17:30:27', 2.10);
INSERT INTO `receivable_plan` VALUES (1543889968496115734, 1013, 'USR_7D14883543C444D89A8D37B932A9EBF7', 1543247479594631170, 1543889968034742295, 9, 5.64, 336.78, 342.42, '2023-04-04 17:30:27', 0, '2022-07-04 17:30:27', 3.36);
INSERT INTO `receivable_plan` VALUES (1543889968496115735, 1013, 'USR_7D14883543C444D89A8D37B932A9EBF7', 1543247877017518081, 1543889968034742296, 9, 5.64, 336.78, 342.42, '2023-04-04 17:30:27', 0, '2022-07-04 17:30:27', 3.36);
INSERT INTO `receivable_plan` VALUES (1543889968496115736, 1013, 'USR_7D14883543C444D89A8D37B932A9EBF7', 1543249118745411586, 1543889968034742297, 9, 2.82, 168.39, 171.21, '2023-04-04 17:30:27', 0, '2022-07-04 17:30:27', 1.68);
INSERT INTO `receivable_plan` VALUES (1543889968676470785, 1013, 'USR_7D14883543C444D89A8D37B932A9EBF7', 1543249118745411586, 1543889968034742300, 10, 2.12, 169.09, 171.21, '2023-05-04 17:30:27', 0, '2022-07-04 17:30:27', 1.26);
INSERT INTO `receivable_plan` VALUES (1543889968676470786, 1013, 'USR_7D14883543C444D89A8D37B932A9EBF7', 1543247479594631170, 1543889968034742298, 10, 4.24, 338.18, 342.42, '2023-05-04 17:30:27', 0, '2022-07-04 17:30:27', 2.52);
INSERT INTO `receivable_plan` VALUES (1543889968676470787, 1013, 'USR_7D14883543C444D89A8D37B932A9EBF7', 1543247877017518081, 1543889968034742299, 10, 4.24, 338.18, 342.42, '2023-05-04 17:30:27', 0, '2022-07-04 17:30:27', 2.52);
INSERT INTO `receivable_plan` VALUES (1543889968676470788, 1013, 'USR_7D14883543C444D89A8D37B932A9EBF7', 1543247479594631170, 1543889968034742301, 11, 2.83, 339.59, 342.42, '2023-06-04 17:30:27', 0, '2022-07-04 17:30:27', 1.68);
INSERT INTO `receivable_plan` VALUES (1543889968676470789, 1013, 'USR_7D14883543C444D89A8D37B932A9EBF7', 1543247877017518081, 1543889968034742302, 11, 2.83, 339.59, 342.42, '2023-06-04 17:30:27', 0, '2022-07-04 17:30:27', 1.68);
INSERT INTO `receivable_plan` VALUES (1543889968676470790, 1013, 'USR_7D14883543C444D89A8D37B932A9EBF7', 1543249118745411586, 1543889968034742304, 11, 1.41, 169.80, 171.21, '2023-06-04 17:30:27', 0, '2022-07-04 17:30:27', 0.84);
INSERT INTO `receivable_plan` VALUES (1543889968676470791, 1013, 'USR_7D14883543C444D89A8D37B932A9EBF7', 1543249118745411586, 1543889968265428995, 12, 0.71, 170.50, 171.21, '2023-07-04 17:30:27', 0, '2022-07-04 17:30:27', 0.42);
INSERT INTO `receivable_plan` VALUES (1543889968676470792, 1013, 'USR_7D14883543C444D89A8D37B932A9EBF7', 1543247877017518081, 1543889968265428994, 12, 1.42, 341.00, 342.42, '2023-07-04 17:30:27', 0, '2022-07-04 17:30:27', 0.84);
INSERT INTO `receivable_plan` VALUES (1543889968739385346, 1013, 'USR_7D14883543C444D89A8D37B932A9EBF7', 1543247479594631170, 1543889968034742303, 12, 1.42, 341.00, 342.42, '2023-07-04 17:30:27', 0, '2022-07-04 17:30:27', 0.84);
INSERT INTO `receivable_plan` VALUES (1543889968739385347, 1013, 'USR_7D14883543C444D89A8D37B932A9EBF7', 1543251367005601793, 1543889967766306819, 1, 20.83, 407.20, 428.03, '2022-08-04 17:30:27', 0, '2022-07-04 17:30:27', 12.50);
INSERT INTO `receivable_plan` VALUES (1543889968760356865, 1013, 'USR_7D14883543C444D89A8D37B932A9EBF7', 1543251367005601793, 1543889968034742274, 2, 19.13, 408.90, 428.03, '2022-09-04 17:30:27', 0, '2022-07-04 17:30:27', 11.47);
INSERT INTO `receivable_plan` VALUES (1543889968760356866, 1013, 'USR_7D14883543C444D89A8D37B932A9EBF7', 1543251367005601793, 1543889968034742279, 3, 17.43, 410.60, 428.03, '2022-10-04 17:30:27', 0, '2022-07-04 17:30:27', 10.44);
INSERT INTO `receivable_plan` VALUES (1543889968760356867, 1013, 'USR_7D14883543C444D89A8D37B932A9EBF7', 1543251367005601793, 1543889968034742281, 4, 15.72, 412.31, 428.03, '2022-11-04 17:30:27', 0, '2022-07-04 17:30:27', 9.41);
INSERT INTO `receivable_plan` VALUES (1543889968823271426, 1013, 'USR_7D14883543C444D89A8D37B932A9EBF7', 1543251367005601793, 1543889968034742285, 5, 14.00, 414.03, 428.03, '2022-12-04 17:30:27', 0, '2022-07-04 17:30:27', 8.37);
INSERT INTO `receivable_plan` VALUES (1543889968823271427, 1013, 'USR_7D14883543C444D89A8D37B932A9EBF7', 1543251367005601793, 1543889968034742286, 6, 12.27, 415.76, 428.03, '2023-01-04 17:30:27', 0, '2022-07-04 17:30:27', 7.33);
INSERT INTO `receivable_plan` VALUES (1543889968823271428, 1013, 'USR_7D14883543C444D89A8D37B932A9EBF7', 1543251367005601793, 1543889968034742290, 7, 10.54, 417.49, 428.03, '2023-02-04 17:30:27', 0, '2022-07-04 17:30:27', 6.29);
INSERT INTO `receivable_plan` VALUES (1543889968823271429, 1013, 'USR_7D14883543C444D89A8D37B932A9EBF7', 1543251367005601793, 1543889968034742292, 8, 8.80, 419.23, 428.03, '2023-03-04 17:30:27', 0, '2022-07-04 17:30:27', 5.25);
INSERT INTO `receivable_plan` VALUES (1543889968823271430, 1013, 'USR_7D14883543C444D89A8D37B932A9EBF7', 1543251367005601793, 1543889968034742295, 9, 7.06, 420.97, 428.03, '2023-04-04 17:30:27', 0, '2022-07-04 17:30:27', 4.20);
INSERT INTO `receivable_plan` VALUES (1543889968890380290, 1013, 'USR_7D14883543C444D89A8D37B932A9EBF7', 1543251367005601793, 1543889968034742298, 10, 5.30, 422.73, 428.03, '2023-05-04 17:30:27', 0, '2022-07-04 17:30:27', 3.16);
INSERT INTO `receivable_plan` VALUES (1543889968890380291, 1013, 'USR_7D14883543C444D89A8D37B932A9EBF7', 1543251367005601793, 1543889968034742301, 11, 3.54, 424.49, 428.03, '2023-06-04 17:30:27', 0, '2022-07-04 17:30:27', 2.10);
INSERT INTO `receivable_plan` VALUES (1543889968890380292, 1013, 'USR_7D14883543C444D89A8D37B932A9EBF7', 1543251367005601793, 1543889968034742303, 12, 1.77, 426.26, 428.03, '2023-07-04 17:30:27', 0, '2022-07-04 17:30:27', 1.05);

-- ----------------------------
-- Table structure for repayment_detail
-- ----------------------------
DROP TABLE IF EXISTS `repayment_detail`;
CREATE TABLE `repayment_detail`  (
  `ID` bigint(20) NOT NULL COMMENT '主键',
  `REPAYMENT_PLAN_ID` bigint(20) NULL DEFAULT NULL COMMENT '还款计划项标识',
  `AMOUNT` decimal(10, 2) NULL DEFAULT NULL COMMENT '实还本息',
  `REPAYMENT_DATE` datetime NULL DEFAULT NULL COMMENT '实际还款时间',
  `REQUEST_NO` varchar(50) CHARACTER SET utf8 COLLATE utf8_general_ci NULL DEFAULT NULL COMMENT '冻结用户资金请求流水号(用于解冻合并整体还款)，\r\n            有漏洞，存管不支持单次“确定还款”，合并多个还款预处理的操作，折中做法。',
  `STATUS` tinyint(4) NULL DEFAULT NULL COMMENT '可用状态',
  PRIMARY KEY (`ID`) USING BTREE
) ENGINE = InnoDB CHARACTER SET = utf8 COLLATE = utf8_general_ci COMMENT = '借款人还款明细，针对一个还款计划可多次进行还款' ROW_FORMAT = Dynamic;

-- ----------------------------
-- Records of repayment_detail
-- ----------------------------
INSERT INTO `repayment_detail` VALUES (1542050227359936513, 1542007845602480129, 703.32, '2022-06-29 15:39:58', 'REQ_4AF3AD9B098547D39A892E908679760D', 1);
INSERT INTO `repayment_detail` VALUES (1542374624952160258, 1542007845858332673, 703.32, '2022-06-30 13:09:00', 'REQ_CDBD962180524FEE956E4F8FFE129A0C', 1);
INSERT INTO `repayment_detail` VALUES (1542375882797125633, 1542007845929635841, 703.32, '2022-06-30 13:14:00', 'REQ_340A78F252D5442CBED8D458A56DA8C7', 1);
INSERT INTO `repayment_detail` VALUES (1542728968304717826, 1542007846059659266, 703.32, '2022-07-01 12:37:01', 'REQ_2474DF34642C4B82992A4E8AD30DDE46', 0);
INSERT INTO `repayment_detail` VALUES (1543890739774222338, 1542007846059659267, 703.32, '2022-07-04 17:33:30', 'REQ_A70670E420CE430C9D71D89885BF916E', 1);

-- ----------------------------
-- Table structure for repayment_plan
-- ----------------------------
DROP TABLE IF EXISTS `repayment_plan`;
CREATE TABLE `repayment_plan`  (
  `ID` bigint(20) NOT NULL COMMENT '主键',
  `CONSUMER_ID` bigint(20) NULL DEFAULT NULL COMMENT '发标人用户标识',
  `USER_NO` varchar(50) CHARACTER SET utf8 COLLATE utf8_general_ci NULL DEFAULT NULL COMMENT '发标人用户编码',
  `PROJECT_ID` bigint(20) NULL DEFAULT NULL COMMENT '标的标识',
  `PROJECT_NO` varchar(50) CHARACTER SET utf8 COLLATE utf8_general_ci NULL DEFAULT NULL COMMENT '标的编码',
  `NUMBER_OF_PERIODS` int(11) NULL DEFAULT NULL COMMENT '期数',
  `INTEREST` decimal(10, 2) NULL DEFAULT NULL COMMENT '还款利息',
  `PRINCIPAL` decimal(10, 2) NULL DEFAULT NULL COMMENT '还款本金',
  `AMOUNT` decimal(10, 2) NULL DEFAULT NULL COMMENT '本息',
  `SHOULD_REPAYMENT_DATE` datetime NULL DEFAULT NULL COMMENT '应还时间',
  `REPAYMENT_STATUS` varchar(50) CHARACTER SET utf8 COLLATE utf8_general_ci NULL DEFAULT NULL COMMENT '应还状态0.待还,1.已还， 2.部分还款',
  `CREATE_DATE` datetime NULL DEFAULT NULL COMMENT '计划创建时间',
  `COMMISSION` decimal(10, 2) NULL DEFAULT NULL COMMENT '年化利率(平台佣金，利差)',
  PRIMARY KEY (`ID`) USING BTREE,
  UNIQUE INDEX `plan_unique`(`CONSUMER_ID`, `PROJECT_ID`, `NUMBER_OF_PERIODS`) USING BTREE
) ENGINE = InnoDB CHARACTER SET = utf8 COLLATE = utf8_general_ci COMMENT = '借款人还款计划' ROW_FORMAT = Dynamic;

-- ----------------------------
-- Records of repayment_plan
-- ----------------------------
INSERT INTO `repayment_plan` VALUES (1542007845602480129, 1014, 'USR_14D9D9D84128483F8FF0C9D0F7A1616B', 1541991148732592130, 'PRO_BE0F6E73FF5E43CA8E0D4694B3433BB8', 1, 66.66, 636.66, 703.32, '2022-07-29 12:51:33', '1', '2022-06-29 12:51:33', 33.33);
INSERT INTO `repayment_plan` VALUES (1542007845858332673, 1014, 'USR_14D9D9D84128483F8FF0C9D0F7A1616B', 1541991148732592130, 'PRO_BE0F6E73FF5E43CA8E0D4694B3433BB8', 2, 61.36, 641.96, 703.32, '2022-06-30 12:51:34', '1', '2022-06-29 12:51:34', 30.61);
INSERT INTO `repayment_plan` VALUES (1542007845929635841, 1014, 'USR_14D9D9D84128483F8FF0C9D0F7A1616B', 1541991148732592130, 'PRO_BE0F6E73FF5E43CA8E0D4694B3433BB8', 3, 56.01, 647.31, 703.32, '2022-06-30 12:51:34', '1', '2022-06-29 12:51:34', 27.89);
INSERT INTO `repayment_plan` VALUES (1542007846059659266, 1014, 'USR_14D9D9D84128483F8FF0C9D0F7A1616B', 1541991148732592130, 'PRO_BE0F6E73FF5E43CA8E0D4694B3433BB8', 4, 50.61, 652.71, 703.32, '2022-07-01 12:51:34', '0', '2022-06-29 12:51:34', 25.15);
INSERT INTO `repayment_plan` VALUES (1542007846059659267, 1014, 'USR_14D9D9D84128483F8FF0C9D0F7A1616B', 1541991148732592130, 'PRO_BE0F6E73FF5E43CA8E0D4694B3433BB8', 5, 45.17, 658.15, 703.32, '2022-07-04 12:51:34', '1', '2022-06-29 12:51:34', 22.40);
INSERT INTO `repayment_plan` VALUES (1542007846135156737, 1014, 'USR_14D9D9D84128483F8FF0C9D0F7A1616B', 1541991148732592130, 'PRO_BE0F6E73FF5E43CA8E0D4694B3433BB8', 6, 39.69, 663.63, 703.32, '2022-07-06 12:51:34', '0', '2022-06-29 12:51:34', 19.64);
INSERT INTO `repayment_plan` VALUES (1542007846135156738, 1014, 'USR_14D9D9D84128483F8FF0C9D0F7A1616B', 1541991148732592130, 'PRO_BE0F6E73FF5E43CA8E0D4694B3433BB8', 7, 34.16, 669.16, 703.32, '2023-01-29 12:51:34', '0', '2022-06-29 12:51:34', 16.87);
INSERT INTO `repayment_plan` VALUES (1542007846189682690, 1014, 'USR_14D9D9D84128483F8FF0C9D0F7A1616B', 1541991148732592130, 'PRO_BE0F6E73FF5E43CA8E0D4694B3433BB8', 8, 28.58, 674.74, 703.32, '2023-02-28 12:51:34', '0', '2022-06-29 12:51:34', 14.09);
INSERT INTO `repayment_plan` VALUES (1542007846189682691, 1014, 'USR_14D9D9D84128483F8FF0C9D0F7A1616B', 1541991148732592130, 'PRO_BE0F6E73FF5E43CA8E0D4694B3433BB8', 9, 22.96, 680.36, 703.32, '2023-03-29 12:51:34', '0', '2022-06-29 12:51:34', 11.29);
INSERT INTO `repayment_plan` VALUES (1542007846189682692, 1014, 'USR_14D9D9D84128483F8FF0C9D0F7A1616B', 1541991148732592130, 'PRO_BE0F6E73FF5E43CA8E0D4694B3433BB8', 10, 17.29, 686.03, 703.32, '2023-04-29 12:51:34', '0', '2022-06-29 12:51:34', 8.48);
INSERT INTO `repayment_plan` VALUES (1542007846265180161, 1014, 'USR_14D9D9D84128483F8FF0C9D0F7A1616B', 1541991148732592130, 'PRO_BE0F6E73FF5E43CA8E0D4694B3433BB8', 11, 11.57, 691.75, 703.32, '2023-05-29 12:51:34', '0', '2022-06-29 12:51:34', 5.67);
INSERT INTO `repayment_plan` VALUES (1542007846265180162, 1014, 'USR_14D9D9D84128483F8FF0C9D0F7A1616B', 1541991148732592130, 'PRO_BE0F6E73FF5E43CA8E0D4694B3433BB8', 12, 5.81, 697.51, 703.32, '2023-06-29 12:51:34', '0', '2022-06-29 12:51:34', 2.84);
INSERT INTO `repayment_plan` VALUES (1543889967766306817, 1014, 'USR_14D9D9D84128483F8FF0C9D0F7A1616B', 1543165400387280897, 'PRO_16FB6C7AE54649FC85D22CEB4D1EC2D6', 1, 16.66, 159.17, 175.83, '2022-08-04 17:30:26', '0', '2022-07-04 17:30:26', 8.33);
INSERT INTO `repayment_plan` VALUES (1543889967766306818, 1014, 'USR_14D9D9D84128483F8FF0C9D0F7A1616B', 1543165467395481601, 'PRO_6652A9285C2D47B59AF97AA05B995142', 1, 33.33, 318.33, 351.66, '2022-08-04 17:30:27', '0', '2022-07-04 17:30:27', 16.66);
INSERT INTO `repayment_plan` VALUES (1543889967766306819, 1014, 'USR_14D9D9D84128483F8FF0C9D0F7A1616B', 1543165556713185282, 'PRO_27DE2AE0B1314CA18EDD050871AAFAA3', 1, 74.99, 716.25, 791.24, '2022-08-04 17:30:27', '0', '2022-07-04 17:30:27', 37.49);
INSERT INTO `repayment_plan` VALUES (1543889968034742274, 1014, 'USR_14D9D9D84128483F8FF0C9D0F7A1616B', 1543165556713185282, 'PRO_27DE2AE0B1314CA18EDD050871AAFAA3', 2, 69.03, 722.21, 791.24, '2022-09-04 17:30:27', '0', '2022-07-04 17:30:27', 34.44);
INSERT INTO `repayment_plan` VALUES (1543889968034742275, 1014, 'USR_14D9D9D84128483F8FF0C9D0F7A1616B', 1543165400387280897, 'PRO_16FB6C7AE54649FC85D22CEB4D1EC2D6', 2, 15.34, 160.49, 175.83, '2022-09-04 17:30:27', '0', '2022-07-04 17:30:27', 7.65);
INSERT INTO `repayment_plan` VALUES (1543889968034742276, 1014, 'USR_14D9D9D84128483F8FF0C9D0F7A1616B', 1543165467395481601, 'PRO_6652A9285C2D47B59AF97AA05B995142', 2, 30.68, 320.98, 351.66, '2022-09-04 17:30:27', '0', '2022-07-04 17:30:27', 15.30);
INSERT INTO `repayment_plan` VALUES (1543889968034742277, 1014, 'USR_14D9D9D84128483F8FF0C9D0F7A1616B', 1543165467395481601, 'PRO_6652A9285C2D47B59AF97AA05B995142', 3, 28.00, 323.66, 351.66, '2022-10-04 17:30:27', '0', '2022-07-04 17:30:27', 13.94);
INSERT INTO `repayment_plan` VALUES (1543889968034742278, 1014, 'USR_14D9D9D84128483F8FF0C9D0F7A1616B', 1543165400387280897, 'PRO_16FB6C7AE54649FC85D22CEB4D1EC2D6', 3, 14.00, 161.83, 175.83, '2022-10-04 17:30:27', '0', '2022-07-04 17:30:27', 6.97);
INSERT INTO `repayment_plan` VALUES (1543889968034742279, 1014, 'USR_14D9D9D84128483F8FF0C9D0F7A1616B', 1543165556713185282, 'PRO_27DE2AE0B1314CA18EDD050871AAFAA3', 3, 63.01, 728.23, 791.24, '2022-10-04 17:30:27', '0', '2022-07-04 17:30:27', 31.37);
INSERT INTO `repayment_plan` VALUES (1543889968034742280, 1014, 'USR_14D9D9D84128483F8FF0C9D0F7A1616B', 1543165400387280897, 'PRO_16FB6C7AE54649FC85D22CEB4D1EC2D6', 4, 12.65, 163.18, 175.83, '2022-11-04 17:30:27', '0', '2022-07-04 17:30:27', 6.28);
INSERT INTO `repayment_plan` VALUES (1543889968034742281, 1014, 'USR_14D9D9D84128483F8FF0C9D0F7A1616B', 1543165556713185282, 'PRO_27DE2AE0B1314CA18EDD050871AAFAA3', 4, 56.94, 734.30, 791.24, '2022-11-04 17:30:27', '0', '2022-07-04 17:30:27', 28.29);
INSERT INTO `repayment_plan` VALUES (1543889968034742282, 1014, 'USR_14D9D9D84128483F8FF0C9D0F7A1616B', 1543165467395481601, 'PRO_6652A9285C2D47B59AF97AA05B995142', 4, 25.30, 326.36, 351.66, '2022-11-04 17:30:27', '0', '2022-07-04 17:30:27', 12.57);
INSERT INTO `repayment_plan` VALUES (1543889968034742283, 1014, 'USR_14D9D9D84128483F8FF0C9D0F7A1616B', 1543165400387280897, 'PRO_16FB6C7AE54649FC85D22CEB4D1EC2D6', 5, 11.29, 164.54, 175.83, '2022-12-04 17:30:27', '0', '2022-07-04 17:30:27', 5.60);
INSERT INTO `repayment_plan` VALUES (1543889968034742284, 1014, 'USR_14D9D9D84128483F8FF0C9D0F7A1616B', 1543165467395481601, 'PRO_6652A9285C2D47B59AF97AA05B995142', 5, 22.58, 329.08, 351.66, '2022-12-04 17:30:27', '0', '2022-07-04 17:30:27', 11.20);
INSERT INTO `repayment_plan` VALUES (1543889968034742285, 1014, 'USR_14D9D9D84128483F8FF0C9D0F7A1616B', 1543165556713185282, 'PRO_27DE2AE0B1314CA18EDD050871AAFAA3', 5, 50.82, 740.42, 791.24, '2022-12-04 17:30:27', '0', '2022-07-04 17:30:27', 25.20);
INSERT INTO `repayment_plan` VALUES (1543889968034742286, 1014, 'USR_14D9D9D84128483F8FF0C9D0F7A1616B', 1543165556713185282, 'PRO_27DE2AE0B1314CA18EDD050871AAFAA3', 6, 44.65, 746.59, 791.24, '2023-01-04 17:30:27', '0', '2022-07-04 17:30:27', 22.10);
INSERT INTO `repayment_plan` VALUES (1543889968034742287, 1014, 'USR_14D9D9D84128483F8FF0C9D0F7A1616B', 1543165467395481601, 'PRO_6652A9285C2D47B59AF97AA05B995142', 6, 19.84, 331.82, 351.66, '2023-01-04 17:30:27', '0', '2022-07-04 17:30:27', 9.82);
INSERT INTO `repayment_plan` VALUES (1543889968034742288, 1014, 'USR_14D9D9D84128483F8FF0C9D0F7A1616B', 1543165400387280897, 'PRO_16FB6C7AE54649FC85D22CEB4D1EC2D6', 6, 9.92, 165.91, 175.83, '2023-01-04 17:30:27', '0', '2022-07-04 17:30:27', 4.91);
INSERT INTO `repayment_plan` VALUES (1543889968034742289, 1014, 'USR_14D9D9D84128483F8FF0C9D0F7A1616B', 1543165467395481601, 'PRO_6652A9285C2D47B59AF97AA05B995142', 7, 17.08, 334.58, 351.66, '2023-02-04 17:30:27', '0', '2022-07-04 17:30:27', 8.43);
INSERT INTO `repayment_plan` VALUES (1543889968034742290, 1014, 'USR_14D9D9D84128483F8FF0C9D0F7A1616B', 1543165556713185282, 'PRO_27DE2AE0B1314CA18EDD050871AAFAA3', 7, 38.43, 752.81, 791.24, '2023-02-04 17:30:27', '0', '2022-07-04 17:30:27', 18.98);
INSERT INTO `repayment_plan` VALUES (1543889968034742291, 1014, 'USR_14D9D9D84128483F8FF0C9D0F7A1616B', 1543165400387280897, 'PRO_16FB6C7AE54649FC85D22CEB4D1EC2D6', 7, 8.54, 167.29, 175.83, '2023-02-04 17:30:27', '0', '2022-07-04 17:30:27', 4.21);
INSERT INTO `repayment_plan` VALUES (1543889968034742292, 1014, 'USR_14D9D9D84128483F8FF0C9D0F7A1616B', 1543165556713185282, 'PRO_27DE2AE0B1314CA18EDD050871AAFAA3', 8, 32.16, 759.08, 791.24, '2023-03-04 17:30:27', '0', '2022-07-04 17:30:27', 15.85);
INSERT INTO `repayment_plan` VALUES (1543889968034742293, 1014, 'USR_14D9D9D84128483F8FF0C9D0F7A1616B', 1543165467395481601, 'PRO_6652A9285C2D47B59AF97AA05B995142', 8, 14.29, 337.37, 351.66, '2023-03-04 17:30:27', '0', '2022-07-04 17:30:27', 7.04);
INSERT INTO `repayment_plan` VALUES (1543889968034742294, 1014, 'USR_14D9D9D84128483F8FF0C9D0F7A1616B', 1543165400387280897, 'PRO_16FB6C7AE54649FC85D22CEB4D1EC2D6', 8, 7.14, 168.69, 175.83, '2023-03-04 17:30:27', '0', '2022-07-04 17:30:27', 3.52);
INSERT INTO `repayment_plan` VALUES (1543889968034742295, 1014, 'USR_14D9D9D84128483F8FF0C9D0F7A1616B', 1543165556713185282, 'PRO_27DE2AE0B1314CA18EDD050871AAFAA3', 9, 25.83, 765.41, 791.24, '2023-04-04 17:30:27', '0', '2022-07-04 17:30:27', 12.70);
INSERT INTO `repayment_plan` VALUES (1543889968034742296, 1014, 'USR_14D9D9D84128483F8FF0C9D0F7A1616B', 1543165467395481601, 'PRO_6652A9285C2D47B59AF97AA05B995142', 9, 11.48, 340.18, 351.66, '2023-04-04 17:30:27', '0', '2022-07-04 17:30:27', 5.64);
INSERT INTO `repayment_plan` VALUES (1543889968034742297, 1014, 'USR_14D9D9D84128483F8FF0C9D0F7A1616B', 1543165400387280897, 'PRO_16FB6C7AE54649FC85D22CEB4D1EC2D6', 9, 5.74, 170.09, 175.83, '2023-04-04 17:30:27', '0', '2022-07-04 17:30:27', 2.82);
INSERT INTO `repayment_plan` VALUES (1543889968034742298, 1014, 'USR_14D9D9D84128483F8FF0C9D0F7A1616B', 1543165556713185282, 'PRO_27DE2AE0B1314CA18EDD050871AAFAA3', 10, 19.45, 771.79, 791.24, '2023-05-04 17:30:27', '0', '2022-07-04 17:30:27', 9.55);
INSERT INTO `repayment_plan` VALUES (1543889968034742299, 1014, 'USR_14D9D9D84128483F8FF0C9D0F7A1616B', 1543165467395481601, 'PRO_6652A9285C2D47B59AF97AA05B995142', 10, 8.64, 343.02, 351.66, '2023-05-04 17:30:27', '0', '2022-07-04 17:30:27', 4.24);
INSERT INTO `repayment_plan` VALUES (1543889968034742300, 1014, 'USR_14D9D9D84128483F8FF0C9D0F7A1616B', 1543165400387280897, 'PRO_16FB6C7AE54649FC85D22CEB4D1EC2D6', 10, 4.32, 171.51, 175.83, '2023-05-04 17:30:27', '0', '2022-07-04 17:30:27', 2.12);
INSERT INTO `repayment_plan` VALUES (1543889968034742301, 1014, 'USR_14D9D9D84128483F8FF0C9D0F7A1616B', 1543165556713185282, 'PRO_27DE2AE0B1314CA18EDD050871AAFAA3', 11, 13.02, 778.22, 791.24, '2023-06-04 17:30:27', '0', '2022-07-04 17:30:27', 6.38);
INSERT INTO `repayment_plan` VALUES (1543889968034742302, 1014, 'USR_14D9D9D84128483F8FF0C9D0F7A1616B', 1543165467395481601, 'PRO_6652A9285C2D47B59AF97AA05B995142', 11, 5.78, 345.88, 351.66, '2023-06-04 17:30:27', '0', '2022-07-04 17:30:27', 2.83);
INSERT INTO `repayment_plan` VALUES (1543889968034742303, 1014, 'USR_14D9D9D84128483F8FF0C9D0F7A1616B', 1543165556713185282, 'PRO_27DE2AE0B1314CA18EDD050871AAFAA3', 12, 6.53, 784.71, 791.24, '2023-07-04 17:30:27', '0', '2022-07-04 17:30:27', 3.19);
INSERT INTO `repayment_plan` VALUES (1543889968034742304, 1014, 'USR_14D9D9D84128483F8FF0C9D0F7A1616B', 1543165400387280897, 'PRO_16FB6C7AE54649FC85D22CEB4D1EC2D6', 11, 2.89, 172.94, 175.83, '2023-06-04 17:30:27', '0', '2022-07-04 17:30:27', 1.41);
INSERT INTO `repayment_plan` VALUES (1543889968265428994, 1014, 'USR_14D9D9D84128483F8FF0C9D0F7A1616B', 1543165467395481601, 'PRO_6652A9285C2D47B59AF97AA05B995142', 12, 2.90, 348.76, 351.66, '2023-07-04 17:30:27', '0', '2022-07-04 17:30:27', 1.42);
INSERT INTO `repayment_plan` VALUES (1543889968265428995, 1014, 'USR_14D9D9D84128483F8FF0C9D0F7A1616B', 1543165400387280897, 'PRO_16FB6C7AE54649FC85D22CEB4D1EC2D6', 12, 1.45, 174.38, 175.83, '2023-07-04 17:30:27', '0', '2022-07-04 17:30:27', 0.71);

SET FOREIGN_KEY_CHECKS = 1;
